House ID,Golden Grains
6e33d031,1172717.5560016981
6e33d037,1432029.1636022013
6e33d03d,1568093.6045244336
6e33d043,1405591.5828662862
6e33d045,1359464.1003076953
6e33d049,1278364.10934594
6e33d04d,1312630.5391269992
6e33d051,1182141.1757166416
6e33d053,1149983.8922019391
6e33d055,1173579.6438495954
6e33d05b,1102815.312471932
6e33d05f,1172058.8594015103
6e33d062,1423858.0583248655
6e33d065,1572971.0482010823
6e33d067,1378555.3121143486
6e33d06b,1280341.4198264114
6e33d071,1473869.4454073873
6e33d075,1224156.3921006268
6e33d07a,1349394.410959075
6e33d080,1157800.452105931
6e33d083,1287451.8355354473
6e33d089,1257876.5285288848
6e33d08b,1481644.1289715525
6e33d08e,1107915.837671644
6e33d090,1310732.4620866624
6e33d095,1426406.1692381855
6e33d098,1239900.3307152865
6e33d09a,1097254.786643652
6e33d09d,1417681.8022487962
6e33d0a0,1295355.0062085914
6e33d0a5,1138207.7054599887
6e33d0a8,1368133.2248150408
6e33d0ac,1440332.762524015
6e33d0b1,1361724.3519640735
6e33d0b5,1098776.2505716947
6e33d0ba,1417372.504780854
6e33d0bc,1264489.6766974735
6e33d0c2,1436553.9457259453
6e33d0c6,1231751.623441868
6e33d0cc,1498966.6941768585
6e33d0d1,1330100.9944592586
6e33d0d3,1505114.8856117297
6e33d0d5,1478567.9139813378
6e33d0d7,828272.6732498194
6e33d0dc,1525805.8668385562
6e33d0e0,1152539.1331433193
6e33d0e2,1348613.5584881436
6e33d0e4,1386798.954644054
6e33d0e6,1331584.1521239947
6e33d0ea,1229513.3945146594
6e33d0ee,1387382.7820762603
6e33d0f4,1263916.6641156706
6e33d0f8,1326695.3235048703
6e33d0fd,1486744.4048993043
6e33d100,1252513.307886103
6e33d103,1187920.2480432955
6e33d108,1194689.2325593822
6e33d10b,1528334.698399416
6e33d110,1074403.230155535
6e33d112,1079733.870973458
6e33d117,1503309.063386075
6e33d11c,1524466.212260064
6e33d122,1209875.0562901972
6e33d127,1120921.183229862
6e33d12c,1300335.71764593
6e33d130,1285173.0263994136
6e33d136,1508188.074977204
6e33d13a,1502892.1235878977
6e33d13e,1398837.4637312167
6e33d141,1360330.793727544
6e33d147,1406726.995551835
6e33d14b,1409420.0250378607
6e33d14e,1056973.3185578722
6e33d151,971553.1955764443
6e33d154,1280515.394895476
6e33d159,1299494.9962461367
6e33d15f,1460063.2701006024
6e33d162,1224013.8327520667
6e33d168,1325141.7956392833
6e33d16d,1187770.8885912762
6e33d16f,1394206.74103608
6e33d172,1496784.1211127036
6e33d175,1266398.2777543159
6e33d17b,873869.0826323977
6e33d181,1309194.0287290618
6e33d184,1416667.465407491
6e33d186,1335445.2331457476
6e33d18b,1459822.448959345
6e33d191,1160990.8152717948
6e33d193,1403467.916378564
6e33d197,1435681.6186326954
6e33d19b,1445093.461059007
6e33d19f,1253608.312135615
6e33d1a3,1260854.9917971678
6e33d1a7,1153722.0379608937
6e33d1ad,1357978.2554533933
6e33d1b1,1390808.0440072678
6e33d1b5,1418423.9523365214
6e33d1b9,1323964.041754945
6e33d1bb,1361036.3966838515
6e33d1bf,1185084.875797632
6e33d1c4,1436605.0099887783
6e33d1c7,1419147.4287343123
6e33d1cb,1511672.6531913234
6e33d1cd,1367026.7671221904
6e33d1d3,1272070.6553615935
6e33d1d9,1405232.623433859
6e33d1dd,1262736.8920121873
6e33d1e1,1463775.1019988288
6e33d1e3,1031527.9470342845
6e33d1e8,1259493.2603595662
6e33d1ec,1206927.8038397138
6e33d1f2,1314797.222032115
6e33d1f6,1297804.391208728
6e33d1fa,1322956.1069432674
6e33d1ff,1454801.7217677329
6e33d205,998524.1391574792
6e33d207,1299561.2006618348
6e33d209,1584473.5633641125
6e33d20e,1407279.3554991551
6e33d210,1239781.4336779728
6e33d216,1103786.4746981636
6e33d219,1180380.900384048
6e33d21d,1178041.1234158135
6e33d221,1140871.8435954135
6e33d227,1298449.5905942789
6e33d22a,1172514.7928922973
6e33d22e,1338453.161393214
6e33d230,1157797.4602564436
6e33d234,1442109.9464587288
6e33d239,958581.79351386
6e33d23e,1378517.7170673844
6e33d241,1221720.6852685907
6e33d244,1402686.924868791
6e33d247,1304940.8054541587
6e33d24b,1436924.4377576378
6e33d251,1024941.3266487775
6e33d253,1282249.8983572514
6e33d256,1157893.825483556
6e33d25c,1331805.5014201244
6e33d25f,1369046.6442934754
6e33d262,1176739.008305959
6e33d266,1395717.2188580083
6e33d26b,1405741.2568513332
6e33d26d,1502819.4641883124
6e33d26f,1521156.016071583
6e33d274,1367361.6446199855
6e33d278,1230677.0172558317
6e33d27e,859925.3360948414
6e33d281,1379691.0945179078
6e33d286,1392512.5302899536
6e33d28a,1423493.1704010114
6e33d28e,1358118.7964691217
6e33d293,1359073.003406509
6e33d298,1519993.0436009986
6e33d29a,1425950.4233029368
6e33d29c,1168045.4035883325
6e33d29e,1178370.5117174252
6e33d2a1,1414304.0114982314
6e33d2a5,1105483.6499433802
6e33d2ab,1261059.1213473345
6e33d2b1,1267577.0075658986
6e33d2b6,1595665.1723122932
6e33d2bc,1328531.7948146388
6e33d2c0,1338461.5596336564
6e33d2c4,1077118.4099129078
6e33d2c6,979754.2526322601
6e33d2cb,1480646.8144897374
6e33d2d0,1148887.4105949556
6e33d2d5,1215649.6917141012
6e33d2db,1427918.6834663241
6e33d2e1,1300227.3748905025
6e33d2e7,951831.6801049485
6e33d2ea,1038674.5005996793
6e33d2ec,1343083.453722891
6e33d2f2,1330198.3523259866
6e33d2f4,1451170.7306797802
6e33d2fa,1181701.30438203
6e33d2fe,1326500.4792280763
6e33d303,1473424.9735453872
6e33d309,1271094.8162515813
6e33d30f,1281852.8326600608
6e33d312,1431674.0375663275
6e33d314,1213955.5028985534
6e33d31a,986889.2763024801
6e33d31e,1212572.210988303
6e33d320,1143460.99078244
6e33d326,1302948.7229378063
6e33d329,1433865.4381585696
6e33d32f,1192747.915445266
6e33d333,1461464.259337876
6e33d339,1420583.8080937783
6e33d33e,1441906.15136775
6e33d340,1159517.3245994737
6e33d344,1378257.8124656656
6e33d34a,1104132.68517787
6e33d34f,1408890.2980873485
6e33d353,1041692.9831860608
6e33d359,1111488.2108309183
6e33d35f,1277821.9346717736
6e33d362,1307992.5051346999
6e33d366,1501625.1667999534
6e33d368,1462008.4842156307
6e33d36e,1543564.8202014505
6e33d371,1478400.3255518668
6e33d376,1105432.8174384034
6e33d37c,1388376.3659027591
6e33d381,1450956.0732798008
6e33d383,1353511.2755315392
6e33d388,1355689.380259572
6e33d38b,1162412.58033249
6e33d38d,1446267.9165843325
6e33d38f,886870.4732606865
6e33d393,1356933.3496381189
6e33d399,1248393.0636759358
6e33d39d,1540161.7947443996
6e33d3a2,1410798.8148001872
6e33d3a7,1351743.5956099315
6e33d3ab,972228.4030622123
6e33d3af,1220750.4364486558
6e33d3b5,1094008.4244740484
6e33d3bb,1298218.5303500597
6e33d3be,1081030.0641372162
6e33d3c2,1473073.4711703295
6e33d3c6,1441560.8113667562
6e33d3ca,1164384.9169227653
6e33d3cf,1155052.7945158689
6e33d3d2,1370041.2549403454
6e33d3d8,1417193.3070342564
6e33d3de,1358355.3631634226
6e33d3e0,1378780.2516851425
6e33d3e6,1309752.955474909
6e33d3e8,1529980.0178724958
6e33d3ee,1445063.232826076
6e33d3f0,1339318.843588695
6e33d3f3,1437601.7766022268
6e33d3f5,1123947.1736466954
6e33d3f7,1578593.1387133417
6e33d3fd,1258126.1837764725
6e33d402,1158330.5607115203
6e33d405,1185215.8654586503
6e33d408,1526703.655204515
6e33d40a,1520745.744506156
6e33d40c,1332547.0609823337
6e33d40f,1489989.238545351
6e33d413,1299180.7070448042
6e33d416,1429676.874086318
6e33d419,1272407.3718501728
6e33d41f,1350630.183192477
6e33d424,1500566.934318861
6e33d429,1601735.8496150686
6e33d42f,1347686.5050860427
6e33d433,1372225.5597139313
6e33d439,1239141.0918509993
6e33d43d,1316470.1477259737
6e33d441,1188173.6241538278
6e33d443,1070760.1702587858
6e33d445,1447340.9824626534
6e33d449,1375937.6356218355
6e33d44c,1263667.9968461483
6e33d450,1134497.596657426
6e33d456,1314905.074580379
6e33d45b,1581416.6865164563
6e33d45f,1372513.7381546563
6e33d461,1147067.0741917733
6e33d466,1208858.746107322
6e33d46c,1243590.4116266964
6e33d46f,1224843.544589784
6e33d471,1159600.2559281061
6e33d473,1123423.9256516602
6e33d478,1074890.2634165306
6e33d47c,1454983.09520678
6e33d47e,1249309.4907588786
6e33d482,1251416.882576002
6e33d486,1366446.9842958567
6e33d489,1470468.9938662988
6e33d48d,1197809.8387797938
6e33d48f,1344561.8607943484
6e33d491,1452519.0223686616
6e33d496,1101125.1262263898
6e33d49b,1071374.7835802655
6e33d4a1,1473847.639825378
6e33d4a7,1059997.5972285306
6e33d4ad,1521432.8554587471
6e33d4af,1280515.4365904527
6e33d4b3,1177923.4106595633
6e33d4b6,1374991.187494924
6e33d4bc,986523.368599524
6e33d4c0,1405578.2652300757
6e33d4c4,1171661.4039979675
6e33d4c9,1255181.3635692368
6e33d4cd,918837.0424253417
6e33d4d0,1153304.7351796748
6e33d4d6,1436731.3101135294
6e33d4d8,1407077.6272379851
6e33d4dd,1047463.3401313424
6e33d4df,1501373.375736774
6e33d4e2,1345594.5067330173
6e33d4e6,1476895.0761962829
6e33d4eb,1400548.4410720957
6e33d4ef,1354656.7871537874
6e33d4f1,1268921.314950768
6e33d4f7,1118594.075153175
6e33d4fb,1216194.9180879388
6e33d4fd,1459895.272045937
6e33d4ff,1486432.0554011662
6e33d501,1498575.2216688253
6e33d503,1225666.707935385
6e33d508,1498415.4403299766
6e33d50d,1435852.9462420559
6e33d513,1500067.7055707204
6e33d517,1299903.8619582977
6e33d51b,1326557.846507117
6e33d521,1227305.9659890581
6e33d527,1338268.6193961685
6e33d52a,1498990.2551894516
6e33d52e,1348543.2744525406
6e33d534,1432514.6063486289
6e33d536,1324382.3892900725
6e33d53b,1507607.6317618534
6e33d540,1448108.6136012154
6e33d546,1401911.5444703281
6e33d54a,1293469.3981075806
6e33d54d,1387131.519204088
6e33d553,1602139.7670905276
6e33d556,1452701.9248265845
6e33d55b,1396966.0885481415
6e33d560,1227127.3901226106
6e33d566,1455058.350769927
6e33d56c,1337352.6412181805
6e33d56f,1322926.2384996563
6e33d573,1008068.9692809198
6e33d578,1611388.6378912013
6e33d57a,1332743.9682058392
6e33d57d,1488629.9100643632
6e33d581,1219638.6174549884
6e33d586,1444679.0958035993
6e33d589,1070323.7231227555
6e33d58e,1325007.7610612144
6e33d590,1496367.1478520348
6e33d594,1415670.1509021972
6e33d598,1315767.7337777494
6e33d59c,1280006.7523531942
6e33d5a0,1416589.2931602811
6e33d5a5,1400965.2361787255
6e33d5aa,1563517.4072216353
6e33d5ad,1460626.9412187035
6e33d5b2,1306939.4847322474
6e33d5b5,1102875.9625966966
6e33d5b9,1308327.4140042507
6e33d5bf,1384080.918776177
6e33d5c4,1372588.9971540591
6e33d5c6,1294743.7547923685
6e33d5c9,1468161.716735651
6e33d5ce,1436494.3035263694
6e33d5d0,1387830.0718481026
6e33d5d4,1207543.5818484458
6e33d5d6,1590226.577582091
6e33d5dc,1261993.231036783
6e33d5e2,1345737.6041373224
6e33d5e5,1291564.4894282524
6e33d5e7,1418670.0384843012
6e33d5eb,1446092.2193959486
6e33d5ee,1245577.516301195
6e33d5f0,1303946.5821803045
6e33d5f6,1101218.0687164753
6e33d5fc,1599093.1598894326
6e33d600,1312548.8784205986
6e33d604,1140212.0319925533
6e33d607,1535864.2167500872
6e33d60d,1339134.5015464535
6e33d610,1391185.8716102988
6e33d616,1487018.3839187766
6e33d619,1319220.3001274772
6e33d61c,1411176.540567379
6e33d620,1209095.1407787174
6e33d623,790752.2445407639
6e33d626,1394598.5274528465
6e33d62a,1339229.7754019788
6e33d62c,1407484.7523854638
6e33d62e,1024927.9918877725
6e33d632,1290775.8835127945
6e33d634,1449273.3598891385
6e33d637,1170298.1048885332
6e33d63d,1451370.023038913
6e33d643,1214802.0942007052
6e33d645,1349997.6259094658
6e33d64a,1521159.6528052255
6e33d64e,1389012.4177191823
6e33d651,1313452.9500250954
6e33d656,1398140.4738468856
6e33d659,835919.8850910724
6e33d65b,1279559.95216384
6e33d65e,1232375.6489615918
6e33d660,1336117.6799626162
6e33d666,1333580.858315022
6e33d669,1372617.9220044548
6e33d66e,1440813.9996135426
6e33d673,1246818.5845484452
6e33d679,1271771.6945796679
6e33d67b,1306709.6407780396
6e33d681,1405399.052520428
6e33d685,1512384.7217663836
6e33d687,1200057.2009386306
6e33d68b,1264531.5049872631
6e33d68d,1532491.0786241866
6e33d68f,1252178.0005414705
6e33d694,1412017.3485586017
6e33d699,1360701.0155970824
6e33d69c,1476653.9680340262
6e33d69f,1292863.811098823
6e33d6a2,1049196.1782561268
6e33d6a4,1364339.5525987004
6e33d6a7,1350399.3117460369
6e33d6ad,1410114.068276978
6e33d6af,1328986.2633547517
6e33d6b5,1494537.3110096867
6e33d6ba,1404808.3283685371
6e33d6c0,1382190.4355551018
6e33d6c2,1210281.5064639812
6e33d6c8,1011977.2612891546
6e33d6cb,1408837.4742994746
6e33d6cd,851891.4864943024
6e33d6d3,1262147.0242595687
6e33d6d6,1374341.1288610583
6e33d6db,1297002.1858998227
6e33d6e1,1383652.4199312646
6e33d6e6,1538646.103927284
6e33d6ec,1344540.4051152652
6e33d6ee,1416704.3139209137
6e33d6f4,1402234.0163191205
6e33d6f9,1271127.2211081383
6e33d6fb,1245459.9325355808
6e33d701,1356206.448281751
6e33d707,1161817.2147548257
6e33d70c,1433349.5993959003
6e33d711,1297840.9205554398
6e33d717,1380545.5692711195
6e33d719,1031884.2935700233
6e33d71f,1314838.9910920183
6e33d723,1227325.3941550567
6e33d729,1191650.5687279343
6e33d72e,1339474.270156999
6e33d731,1324835.622089828
6e33d734,1066492.0608887498
6e33d738,1270466.8179547507
6e33d73c,1313163.1128771184
6e33d73e,1225105.3745455188
6e33d744,1395361.6871849615
6e33d748,1358127.2907109526
6e33d74a,1456634.8339748033
6e33d74c,1140337.7747064086
6e33d750,1108488.437283034
6e33d756,1103234.6900573424
6e33d75b,901173.8580145543
6e33d761,1454980.4290814353
6e33d767,1166121.0914169762
6e33d76d,1394780.6768408979
6e33d76f,1259264.7187784533
6e33d773,1473095.4451886863
6e33d778,1445146.482071871
6e33d77e,1406964.5324289347
6e33d781,1432549.5016081398
6e33d787,1470208.1845290035
6e33d78d,1227693.3881397173
6e33d792,1581063.6818219153
6e33d797,1323763.5241965929
6e33d799,1423565.5522122916
6e33d79c,1379632.512522434
6e33d7a0,1037252.4218281704
6e33d7a6,1187161.5518613793
6e33d7a9,1440485.1498968776
6e33d7ae,1377055.7205940548
6e33d7b1,1282695.8433936918
6e33d7b7,1488782.1844305985
6e33d7ba,1386641.2978549576
6e33d7be,1376837.623505807
6e33d7c3,1538470.500262642
6e33d7c7,1165763.8578234501
6e33d7cd,1389464.6988138752
6e33d7d2,1389908.3550990697
6e33d7d8,1337106.8766205409
6e33d7dd,1282327.8897793426
6e33d7e0,1216064.7188423648
6e33d7e5,1293731.7846986637
6e33d7e9,1429290.5438993578
6e33d7ec,1403300.5858099435
6e33d7ee,1331685.646047087
6e33d7f4,878212.0693248691
6e33d7f7,1275228.81973079
6e33d7fb,1124991.7554749525
6e33d7fe,1368710.145676674
6e33d801,1339827.0519922986
6e33d805,1206614.472684104
6e33d808,1418001.0445949151
6e33d80a,1138661.0229407707
6e33d80c,1238762.9462768096
6e33d811,1457633.441393606
6e33d817,1279207.3930250506
6e33d81a,685237.660492816
6e33d820,1300932.312223711
6e33d822,1263399.4593117165
6e33d825,1389083.4141701749
6e33d827,1365486.849649081
6e33d829,1308545.5839625443
6e33d82c,1353039.5458479933
6e33d82f,1136230.4371346254
6e33d833,1470555.273188379
6e33d838,857938.2852137771
6e33d83a,1093689.9029375575
6e33d83c,1244458.991949235
6e33d840,1290087.0712143604
6e33d842,1202912.5184395865
6e33d846,1303745.7697387165
6e33d849,1466118.3934077187
6e33d84d,1329807.6457660107
6e33d851,1246203.2730834244
6e33d856,1191925.5937922774
6e33d85c,1477165.9684978947
6e33d85f,1496088.4099245595
6e33d863,1546163.631013955
6e33d865,1306077.404986785
6e33d869,1263961.670955625
6e33d86b,1249630.543169435
6e33d86f,1448167.5820486299
6e33d871,1443495.6012976945
6e33d873,1418415.715783243
6e33d876,1307405.3417075274
6e33d87b,1272173.620432298
6e33d87f,1346572.5731321787
6e33d883,1500491.799068833
6e33d889,1206056.1731133142
6e33d88c,1537025.8750861492
6e33d892,1423109.3686044258
6e33d895,1277636.8469821657
6e33d89b,1300500.8566062613
6e33d89e,1243495.1446910545
6e33d8a1,1378161.507271795
6e33d8a3,1115406.867889075
6e33d8a6,1538809.4134287464
6e33d8ab,990980.845145914
6e33d8ad,1054453.0952735245
6e33d8b0,1302415.565035474
6e33d8b4,1192875.4620526226
6e33d8b9,1192077.992658455
6e33d8bc,1340746.9186911443
6e33d8bf,1389065.0459956976
6e33d8c3,1444518.9543108789
6e33d8c5,1065762.2312530715
6e33d8ca,1212247.5940074006
6e33d8cd,1363180.6786648603
6e33d8d2,1394979.5544766593
6e33d8d4,1336427.8881946816
6e33d8d6,1162455.5692580193
6e33d8dc,1469827.807919508
6e33d8e2,999685.2155642665
6e33d8e8,1403143.914534276
6e33d8ed,1090043.101442897
6e33d8f3,1364916.660550726
6e33d8f9,1316917.4216450849
6e33d8ff,1171276.809729951
6e33d905,1050267.647404394
6e33d908,1663482.4989998923
6e33d90a,1176793.8764635122
6e33d90e,1402246.0909802262
6e33d911,1279805.9085251545
6e33d915,1046417.5845902499
6e33d918,1205935.7641928508
6e33d91a,1194450.5266809661
6e33d91f,1451778.9819698445
6e33d925,1227128.267652438
6e33d927,1269231.0612485697
6e33d92d,1572824.5991580393
6e33d92f,1150571.8893989238
6e33d934,1154887.9590610433
6e33d938,1235801.5204286624
6e33d93c,1184341.0198144505
6e33d93f,1539718.689049817
6e33d945,1447140.6681330476
6e33d948,1339159.7615104897
6e33d94a,1174054.0308887078
6e33d94d,1261828.7443710796
6e33d94f,1426652.680618866
6e33d951,1358498.0052013563
6e33d957,1411638.3824210088
6e33d95d,1635607.1540589645
6e33d960,1168193.799753765
6e33d964,1163425.163539671
6e33d967,1518238.9223330459
6e33d96b,1326178.2513725848
6e33d970,1378809.1021456574
6e33d976,1050820.2339716628
6e33d978,1381222.3663119806
6e33d97e,984204.5661990915
6e33d981,1596424.0922044949
6e33d985,1022880.7725734961
6e33d98a,1262789.0937742223
6e33d98e,1258248.052161258
6e33d991,1351535.1500816136
6e33d996,914887.168173705
6e33d99a,1420958.5033393686
6e33d99e,1383919.2216431834
6e33d9a2,1461685.503806503
6e33d9a4,1392971.2080684304
6e33d9aa,1013288.702702139
6e33d9af,1346919.3553904605
6e33d9b5,1413106.0554667974
6e33d9b8,1476283.7191548264
6e33d9bd,1423394.8157193686
6e33d9c2,1514089.609221179
6e33d9c6,1481426.5984651085
6e33d9c9,1494796.4558285011
6e33d9ce,1066625.2187872932
6e33d9d3,1340682.3000187897
6e33d9d8,1231488.5916353702
6e33d9dd,1531418.8441836257
6e33d9e3,848612.6842541241
6e33d9e9,1219048.3290792946
6e33d9eb,1204317.602675485
6e33d9f1,1169646.790411216
6e33d9f6,958814.4036136891
6e33d9f9,1393712.1206538177
6e33d9ff,1376861.5249750188
6e33da04,1301423.4102141634
6e33da06,1450172.85651228
6e33da08,1371136.514908701
6e33da0c,1170178.5521791049
6e33da12,1233666.035256207
6e33da18,1286640.1572320072
6e33da1e,1419300.728967466
6e33da24,1581378.3424953618
6e33da26,1155642.7786223763
6e33da29,1386928.0832385072
6e33da2c,871906.2745707686
6e33da30,1278308.1497355583
6e33da35,1483968.5942622507
6e33da3b,1506660.898914604
6e33da41,1131631.4653469683
6e33da46,1462889.9110218314
6e33da49,1098710.3709831575
6e33da4e,1536548.488675601
6e33da50,1254981.2713893286
6e33da52,1367950.9714964672
6e33da57,1177781.0880045693
6e33da59,1430160.443790656
6e33da5e,1337836.074856757
6e33da60,942300.8997723896
6e33da63,1420113.9483933086
6e33da65,1273831.2826231816
6e33da68,1371008.1480777569
6e33da6d,1307891.876231434
6e33da6f,1521444.0525290805
6e33da75,1134716.2513719832
6e33da7a,1361235.6213427493
6e33da7f,1404436.850215545
6e33da81,1154478.979419907
6e33da86,1097753.1622289123
6e33da89,1190735.3013635557
6e33da8e,1065208.7757696917
6e33da93,1498905.1488501753
6e33da95,1131972.6420658345
6e33da99,1281879.3369294251
6e33da9c,1420935.1799421273
6e33daa2,1052388.664682954
6e33daa6,1474283.6520726574
6e33daa9,1239989.82029702
6e33daaf,1392966.5334200175
6e33dab1,1239464.3586682165
6e33dab3,1447866.1559550562
6e33dab8,1285922.3146985625
6e33dabc,1305549.9123466634
6e33dabe,1323236.302046414
6e33dac1,1022230.4832483735
6e33dac5,1475910.8898021656
6e33dac7,1092500.6717483513
6e33dacd,1506390.998983375
6e33dad0,1466427.2620963901
6e33dad4,1210143.3015665233
6e33dad7,985139.2381835256
6e33dada,1299727.2222132792
6e33dadd,1268596.8105852806
6e33dae1,1295525.3035749588
6e33dae6,1223817.1942771864
6e33dae9,1365932.7986100926
6e33daef,1274507.8836506929
6e33daf1,1166070.37502253
6e33daf4,1397037.0258585901
6e33daf7,1188004.1968829276
6e33daf9,1301507.7201091798
6e33dafb,1247657.314125189
6e33db01,1335828.2903010712
6e33db06,1186057.9518936137
6e33db09,1286706.8597269913
6e33db0d,1373687.5728602428
6e33db0f,1498178.2772821018
6e33db12,1260959.8071379992
6e33db18,1543552.5314892998
6e33db1d,1454764.095480082
6e33db22,1373961.4051811474
6e33db28,1517822.9680541442
6e33db2a,1357320.469303739
6e33db2e,1442521.3502622056
6e33db34,1585292.5668871761
6e33db38,1176703.7678755398
6e33db3e,1257206.541474738
6e33db41,1434921.5958916298
6e33db43,1445387.8468395707
6e33db49,972900.6788949338
6e33db4b,1451827.2026916656
6e33db50,1063494.7445456013
6e33db54,1444523.8724793682
6e33db56,1209266.1615198608
6e33db58,1109007.4858082747
6e33db5b,1209834.5122404872
6e33db61,1028017.6373091782
6e33db64,1120722.5086543225
6e33db66,1315593.522246366
6e33db6a,1294149.968467957
6e33db6e,1369575.9279009628
6e33db71,1468933.6317979689
6e33db75,1230253.7240214606
6e33db79,1369731.7727176133
6e33db7c,1250253.5884463151
6e33db7f,1346882.613412135
6e33db82,1402213.0062921215
6e33db87,1230363.1971970696
6e33db8a,1306160.5831241934
6e33db8f,1185993.3806729447
6e33db93,1421507.7921502548
6e33db98,1469317.0435609668
6e33db9a,1163065.2078115114
6e33db9c,1511889.1032814402
6e33db9e,1298382.833563577
6e33dba0,1528627.2186509303
6e33dba2,848750.2714777869
6e33dba5,1473998.9769197563
6e33dbab,1388352.6344391343
6e33dbaf,1511501.33800554
6e33dbb1,1504976.2269387422
6e33dbb7,1313488.4436227444
6e33dbbd,1024579.1688150885
6e33dbbf,1565024.81858526
6e33dbc2,1361838.2436781388
6e33dbc5,1066260.5447085206
6e33dbcb,1282447.2989042858
6e33dbcf,1196047.818435257
6e33dbd2,1241129.8029758611
6e33dbd8,1596984.2311716531
6e33dbdc,1506339.8022340678
6e33dbe2,1501301.0734372477
6e33dbe8,1449489.470743385
6e33dbee,1277479.0304062036
6e33dbf2,1333762.8152555476
6e33dbf4,1256264.0718284354
6e33dbf7,1210508.340673777
6e33dbfc,1223104.2122234844
6e33dc02,1517115.7169903333
6e33dc06,1359839.8545945305
6e33dc0b,1211583.9518798408
6e33dc0e,1341079.6102024699
6e33dc13,1265628.0134422781
6e33dc17,883297.490565033
6e33dc1d,1428528.9505168758
6e33dc21,1278060.9098296484
6e33dc23,1300849.2161468542
6e33dc28,992671.7143570137
6e33dc2a,1389425.5403469019
6e33dc2d,1291534.6318667273
6e33dc30,1250341.591927008
6e33dc32,1359865.6058862489
6e33dc38,1375098.0047528492
6e33dc3a,1377180.2324950628
6e33dc3c,1308317.620045583
6e33dc3f,1416278.712086703
6e33dc41,1452542.8503647302
6e33dc45,978484.2022971788
6e33dc47,998998.5827019006
6e33dc4d,1135470.5958754332
6e33dc52,1369493.9494518293
6e33dc57,1418808.5327734177
6e33dc5a,1224533.7627396197
6e33dc60,1326887.1576857062
6e33dc62,1025389.5357644468
6e33dc65,1494214.3827998394
6e33dc6b,1460286.3914422395
6e33dc6e,1143572.9550554184
6e33dc71,1246356.616674948
6e33dc77,1223949.2272756847
6e33dc7d,1418553.3436558421
6e33dc80,1320507.7759496444
6e33dc84,1192910.1630927296
6e33dc89,1369714.2246461925
6e33dc8e,1487266.9610524038
6e33dc93,1058113.4956979295
6e33dc97,1443133.3627073558
6e33dc9b,1369433.6762457313
6e33dc9f,1369347.239177622
6e33dca4,1350252.8442773095
6e33dca8,1444609.731364181
6e33dcae,1394848.2066645855
6e33dcb3,1214200.9330944899
6e33dcb7,1187886.2017782696
6e33dcbb,1318135.0497318439
6e33dcbd,1281143.8930673313
6e33dcbf,1353436.2105605297
6e33dcc2,1359946.8206814213
6e33dcc8,1040718.7204462988
6e33dccb,1341778.9319566747
6e33dccd,1574898.3160440437
6e33dcd2,1085620.845980009
6e33dcd8,1261866.9712292147
6e33dcde,1159492.4829238516
6e33dce3,1352952.107286161
6e33dce6,1180642.8802419396
6e33dce9,1207411.937030306
6e33dced,1440102.1481010106
6e33dcf2,1413078.7320392583
6e33dcf5,1375241.0861978864
6e33dcfb,1347011.4766915718
6e33dd01,1253677.883623612
6e33dd03,1234675.40966737
6e33dd07,1460993.4930716255
6e33dd0a,1053300.8717687335
6e33dd0d,917517.0414240872
6e33dd0f,1195432.303663981
6e33dd11,1458938.7270962044
6e33dd13,1451459.2673779333
6e33dd16,1174706.1471726163
6e33dd1b,1309146.9388760054
6e33dd1f,1309033.9814434878
6e33dd25,1361857.7297161373
6e33dd28,989269.1383371222
6e33dd2e,1384430.864650623
6e33dd32,1278663.8039949872
6e33dd37,1451258.725879122
6e33dd3a,1126391.5198466245
6e33dd3f,1432138.4317358597
6e33dd45,1331778.1341343755
6e33dd4a,1433897.3368039038
6e33dd50,1202035.2661701827
6e33dd52,1448199.8827905997
6e33dd58,1433391.8567848862
6e33dd5d,1566094.3766652984
6e33dd63,1528471.1935995377
6e33dd66,1138424.0437189066
6e33dd69,1305355.520242973
6e33dd6b,1369319.6532849309
6e33dd6f,1229180.415410131
6e33dd73,1331385.563623602
6e33dd75,1453171.3038628732
6e33dd7a,1343838.2847228984
6e33dd7e,1436119.9004303468
6e33dd84,1387923.4169710458
6e33dd86,1466974.7490232629
6e33dd8a,1473961.621529603
6e33dd8e,1259738.7006934516
6e33dd92,1121222.3503745687
6e33dd95,1280437.1030378647
6e33dd9b,1238747.615489645
6e33dda1,1072038.1795821337
6e33dda6,1017802.1932788399
6e33dda9,1444238.91975246
6e33ddab,1438180.6151510295
6e33ddb1,1346140.6816711454
6e33ddb3,1468896.7640859485
6e33ddb8,1533689.914719415
6e33ddbd,1351368.4019738731
6e33ddc2,928366.1313367165
6e33ddc4,1377364.7221776405
6e33ddc7,1456977.4726515347
6e33ddca,1404999.8353271387
6e33ddce,1427048.153966194
6e33ddd0,892480.2259232851
6e33ddd5,1539321.8383090566
6e33ddda,1078337.18223998
6e33dddc,1361205.5859381307
6e33ddde,1493492.4900134709
6e33dde1,1263119.566537274
6e33dde7,1299924.7591301168
6e33ddea,1546033.6291747678
6e33ddf0,1128644.6368565054
6e33ddf6,1420172.085983401
6e33ddf9,867180.5243875767
6e33ddfc,1364655.568505426
6e33de00,1363190.673241276
6e33de02,1033065.3983334654
6e33de04,1192242.6216799212
6e33de0a,1273621.7981558603
6e33de0e,1499565.0388171612
6e33de10,1141954.0919113907
6e33de16,1328132.4686779536
6e33de18,1271820.1724310713
6e33de1d,1317412.6405224844
6e33de22,1183733.7241741607
6e33de24,1463043.0535460452
6e33de2a,1391214.5256036096
6e33de2f,1438877.9076298347
6e33de35,1399229.298685358
6e33de3a,1372505.4653185192
6e33de3e,1446478.1533383948
6e33de42,1514566.6874262744
6e33de47,1106300.3014398632
6e33de4b,1648301.92797923
6e33de4e,1338705.9688001184
6e33de54,821403.441685513
6e33de56,1598933.6524201923
6e33de58,1054560.9649099587
6e33de5a,1351098.9684382288
6e33de5c,996932.622699683
6e33de61,1533715.2441125843
6e33de65,1425310.1478275028
6e33de6a,1270146.8227605813
6e33de6e,1330037.1794089286
6e33de70,1260695.699014701
6e33de76,1313414.977569846
6e33de7b,924881.0265192974
6e33de80,1512644.4487721913
6e33de85,1400764.0478443434
6e33de88,1017073.6148659738
6e33de8e,1401227.7741150272
6e33de91,1468347.4053671875
6e33de95,1246465.469344895
6e33de97,1448491.9267061688
6e33de9b,1543477.0241783196
6e33dea1,1388105.8465539457
6e33dea5,1183840.4614073427
6e33dea8,1018448.4144923198
6e33deaa,1177866.982343859
6e33dead,1194616.8995271805
6e33deb3,1416710.9264385314
6e33deb9,1097190.250571137
6e33debd,1458629.6126518582
6e33dec1,1078061.548158316
6e33dec4,1598838.0507729324
6e33dec9,1261033.0354713784
6e33decc,1479174.9857230461
6e33ded2,1387439.6266593013
6e33ded7,1505628.3456480352
6e33dedb,1265550.9342639747
6e33dede,1510724.505022737
6e33dee2,1354639.4683103506
6e33dee6,1171796.842597973
6e33deec,1288080.8307130823
6e33def0,1424519.90474951
6e33def6,848638.169129401
6e33def8,1348179.1477102255
6e33defc,1328403.752497357
6e33df02,1455496.628717605
6e33df04,1411000.8755555763
6e33df07,1393490.1411101392
6e33df0c,1260592.4955753519
6e33df0f,1448976.7510777186
6e33df14,1498237.8463711997
6e33df19,1297367.4697253269
6e33df1f,1297188.480264393
6e33df25,1391275.5270860184
6e33df29,1308193.181451208
6e33df2e,1325090.0086943824
6e33df33,1472224.3680953654
6e33df35,1226069.9529044626
6e33df39,1273002.7647031993
6e33df3d,808761.2062517785
6e33df41,1478277.6474675022
6e33df45,959097.4590081963
6e33df4a,1396715.5293219138
6e33df4e,1466222.2416555318
6e33df54,1363250.5766915244
6e33df58,1194341.1220020934
6e33df5c,888330.9503309178
6e33df62,1298104.5629837525
6e33df64,1503689.011020368
6e33df68,1309246.0789185693
6e33df6d,1223464.9235943034
6e33df72,1457768.6203660534
6e33df77,1203800.6078733485
6e33df7a,1162453.1779307947
6e33df7e,1104221.4672809246
6e33df82,1549984.842523688
6e33df85,1321895.4700778972
6e33df88,1299162.8335761467
6e33df8c,1507958.8522067915
6e33df92,1206152.9496681034
6e33df94,1241526.9507748473
6e33df99,1406875.370064214
6e33df9c,1350965.8362786272
6e33df9e,1498447.1255801695
6e33dfa4,1231385.3260252771
6e33dfa6,1200239.926201372
6e33dfab,1296284.34316202
6e33dfae,1495500.7120452356
6e33dfb2,1315043.9920928583
6e33dfb6,1448611.1765115038
6e33dfb8,1453220.4597669297
6e33dfba,1102439.367254267
6e33dfbc,1328825.712963365
6e33dfbe,1427399.142018263
6e33dfc4,1324252.1991577884
6e33dfc9,1399249.863532098
6e33dfcc,866596.7896589717
6e33dfd2,1328322.9541376866
6e33dfd4,1397003.9061596391
6e33dfd7,1295985.5167623798
6e33dfdd,1168089.448013157
6e33dfe1,1248954.1027973678
6e33dfe3,1077629.6090962624
6e33dfe6,1550719.8386904863
6e33dfeb,1334112.581119457
6e33dfee,958520.8184341451
6e33dff4,1001228.6179396452
6e33dffa,1160191.3024939885
6e33e000,1375864.9055488724
6e33e004,1323395.3572783861
6e33e008,876715.8281629509
6e33e00a,1115430.8378904779
6e33e00f,1206106.1390496348
6e33e014,1298066.6165546
6e33e019,1417892.396950374
6e33e01d,1291041.1664933949
6e33e01f,1396214.3555483164
6e33e023,1364287.639688493
6e33e027,1329427.9222154296
6e33e02a,1261435.3020600933
6e33e02c,1156675.955126688
6e33e032,1507375.690275459
6e33e034,1071549.6530356212
6e33e038,1435445.0542557768
6e33e03c,1400578.722929132
6e33e041,1225935.9569257598
6e33e044,1567228.944763305
6e33e047,1189000.1637865333
6e33e049,1595101.1403985135
6e33e04c,1363579.7508842188
6e33e04e,1304628.1220124962
6e33e054,965853.4017928164
6e33e057,1312523.7774138027
6e33e05a,1442293.1469941563
6e33e060,1308635.3695011553
6e33e065,1229756.7398837719
6e33e06a,1145268.374631407
6e33e06c,1435255.4881553014
6e33e071,1490899.1599815781
6e33e075,1465025.3990313362
6e33e07a,1091036.4512745682
6e33e07c,1272961.3409567054
6e33e082,1231463.4308828427
6e33e088,1341585.6284375847
6e33e08d,1483230.0485035833
6e33e093,1469113.512044514
6e33e097,1111657.198284728
6e33e09d,1232026.4219294782
6e33e09f,1148173.5884810258
6e33e0a4,1387688.667813206
6e33e0a9,1201790.2878215245
6e33e0ad,828490.1371170753
6e33e0af,1399921.609541376
6e33e0b2,1150483.731617832
6e33e0b6,1483184.8647594496
6e33e0ba,956313.5666386285
6e33e0bf,1225653.9771179834
6e33e0c1,1303431.0103024384
6e33e0c4,1260620.1029283584
6e33e0c8,1111478.9554024779
6e33e0cc,1500585.265778625
6e33e0d0,1329200.9572452907
6e33e0d2,1336515.4447457255
6e33e0d7,1397745.4640063122
6e33e0dd,1372648.1871258784
6e33e0e1,1540698.0660456466
6e33e0e7,1326104.9387199583
6e33e0ec,868156.671381275
6e33e0f0,1295751.6426117378
6e33e0f6,1419713.7188232597
6e33e0fb,1494941.3884767718
6e33e0fd,1236165.7044060915
6e33e100,888119.7292829545
6e33e103,1094260.6728916736
6e33e107,1290561.3195725714
6e33e10b,1095540.7912732891
6e33e10e,1384819.0321983758
6e33e112,1389854.3731005215
6e33e118,1498351.03219207
6e33e11b,1277738.9697258063
6e33e121,1488063.5793307086
6e33e127,1298783.0929962406
6e33e12a,1206158.0922413606
6e33e130,1427894.4537049728
6e33e134,965146.2788569068
6e33e13a,1426499.2358031627
6e33e140,1142821.849035265
6e33e145,1241759.5630169
6e33e149,1215584.5302097448
6e33e14b,1215636.459599202
6e33e14e,950534.199584499
6e33e150,1303352.4938972495
6e33e156,1288067.9329308379
6e33e158,973900.334866673
6e33e15c,1541586.964640309
6e33e15f,1256781.376639945
6e33e162,1458497.5012356152
6e33e164,1446518.4772522037
6e33e166,1443816.5929586557
6e33e16b,1069726.55818161
6e33e16f,1277683.9798261526
6e33e174,1125538.786360509
6e33e179,1317597.0482313875
6e33e17d,1138174.8501491635
6e33e17f,1280043.3832905244
6e33e182,1304172.3559699159
6e33e184,1437374.6810869798
6e33e187,1372011.5955268035
6e33e189,1444662.9828455246
6e33e18c,1346370.6583468409
6e33e190,1288880.528874213
6e33e195,1215881.0509220462
6e33e199,1508354.3188850442
6e33e19b,1333263.5362095155
6e33e1a1,1183280.982280848
6e33e1a3,1448818.8402149212
6e33e1a6,1470826.643393238
6e33e1ac,1462617.9284059897
6e33e1b1,1194198.4961220426
6e33e1b3,1314008.8301762813
6e33e1b8,1298350.134835246
6e33e1bb,813218.8016334341
6e33e1bf,1277266.6109634952
6e33e1c3,1333394.3771706384
6e33e1c6,1411334.043834845
6e33e1c9,1419513.591096202
6e33e1cc,1459992.0983303068
6e33e1d0,1497369.920753828
6e33e1d4,1440130.392133766
6e33e1d6,1275489.4177486552
6e33e1dc,1376565.593069463
6e33e1e0,1168017.451846791
6e33e1e4,1149455.2894361857
6e33e1e6,1171740.6715930067
6e33e1e9,1391529.0730390756
6e33e1eb,1184322.5312943407
6e33e1f0,1436880.962849068
6e33e1f4,1064737.5566550118
6e33e1f8,1234404.3805377274
6e33e1fa,1423886.6236414488
6e33e200,1172866.8258075023
6e33e203,1353513.2570570924
6e33e209,1476059.954757584
6e33e20c,1400556.9954062032
6e33e20f,1143887.0617314568
6e33e214,1376030.0017958782
6e33e218,1273639.1979208074
6e33e21b,1363733.7679846645
6e33e221,1304737.4230860742
6e33e223,1207055.4656018827
6e33e229,1351820.1801895066
6e33e22b,1327118.1554228999
6e33e231,1415840.0827409986
6e33e237,1316784.0770831383
6e33e23a,904976.2997918623
6e33e23f,1111010.631254391
6e33e241,1390797.574357322
6e33e247,1198352.6722302805
6e33e24b,1322536.304382771
6e33e250,1313642.7994378041
6e33e254,1032363.143327145
6e33e259,1490267.8973779343
6e33e25e,1436929.2272286047
6e33e262,1403975.604931927
6e33e267,1508855.6087690827
6e33e26a,1351413.4158029282
6e33e26d,1454499.67969783
6e33e270,1379105.7079870617
6e33e275,1428387.5334266531
6e33e278,798934.3858882226
6e33e27e,1355800.9878111253
6e33e284,1018484.0458101139
6e33e28a,1335214.036810228
6e33e28c,1230014.7089973649
6e33e292,1047401.4274225049
6e33e297,1498261.8202356496
6e33e299,1307754.3274133543
6e33e29f,883202.0310431602
6e33e2a1,1359468.8991278412
6e33e2a7,1272489.6990786805
6e33e2ad,1421692.6532850345
6e33e2b1,950598.404775437
6e33e2b5,1017365.5181928214
6e33e2ba,1380523.6051134984
6e33e2be,1423393.5341692078
6e33e2c0,1098136.5273285853
6e33e2c6,1133857.1119399753
6e33e2ca,1326109.9609733643
6e33e2ce,1429053.740458776
6e33e2d1,1320378.2911610655
6e33e2d3,1106639.2210168731
6e33e2d5,1349293.2010230601
6e33e2da,1382767.1504289417
6e33e2dd,1188269.9249842921
6e33e2e0,1238472.1169499527
6e33e2e3,1333266.79673872
6e33e2e5,1074175.3369828565
6e33e2ea,1351720.7643745472
6e33e2f0,1279666.1147523916
6e33e2f6,1426283.3799579027
6e33e2f9,1128577.1239687318
6e33e2fd,1244721.9349094417
6e33e302,1471076.5216734193
6e33e307,1467075.5346176564
6e33e30b,1186184.480083091
6e33e310,1411969.134013243
6e33e314,1187290.4690516908
6e33e319,1271465.4396773505
6e33e31c,1417580.2240930584
6e33e31e,1198386.7595614465
6e33e324,1172727.7722867543
6e33e329,1329227.763121318
6e33e32e,1502335.3474850333
6e33e333,861525.0994742431
6e33e338,1618153.6378890388
6e33e33d,1339276.867042059
6e33e33f,1528832.012920753
6e33e342,1156246.1596100777
6e33e344,1367699.637290531
6e33e347,981295.8207508177
6e33e34c,1076722.3321526332
6e33e352,1489176.0850824795
6e33e357,1393668.9915337046
6e33e35d,1218412.6272007402
6e33e361,1112848.1473564305
6e33e365,1565807.2958468527
6e33e36b,1279525.617065004
6e33e36d,1528462.6771759824
6e33e371,1293687.5866474954
6e33e373,1494294.054692936
6e33e376,1454040.4937816444
6e33e378,1345233.2596919122
6e33e37c,1353025.2417165218
6e33e37f,1385245.0000586156
6e33e383,1239631.1558173487
6e33e385,1256763.8456801632
6e33e38a,1426728.4200076263
6e33e38f,924536.9653732267
6e33e391,1487169.838570379
6e33e395,1323416.451015767
6e33e39a,1109527.1732303652
6e33e39c,1104933.3179891768
6e33e3a1,1244000.788666871
6e33e3a5,1247479.5673600144
6e33e3ab,1327227.8057979422
6e33e3b1,1333629.4877194932
6e33e3b3,1329846.9187218044
6e33e3b9,1394537.451527284
6e33e3bf,1430736.9699359795
6e33e3c1,1158342.677013937
6e33e3c7,1180147.0624070405
6e33e3cc,1065172.4962780457
6e33e3d2,1466698.122916795
6e33e3d8,1161138.18852631
6e33e3dd,1020432.7067885001
6e33e3e1,1234128.8616652857
6e33e3e4,1274751.8141664288
6e33e3e8,1146429.4899995537
6e33e3ea,1324056.2002459
6e33e3ed,1599498.0119723238
6e33e3ef,1348153.2951497308
6e33e3f1,1450424.9287712348
6e33e3f7,1348583.9074342977
6e33e3fa,1211293.442959354
6e33e3ff,1440451.778883184
6e33e401,1213376.2423031365
6e33e403,1235399.8111492242
6e33e406,1472209.6092847688
6e33e409,1421706.1132162288
6e33e40f,1336620.1480404942
6e33e411,1308504.96548988
6e33e415,1109775.3360349857
6e33e41b,923222.5681176645
6e33e41f,1029683.8753010072
6e33e421,1013671.5851804363
6e33e427,1029466.3119541528
6e33e42b,1525322.2097635507
6e33e42d,1048056.3966678706
6e33e42f,1494152.8822125979
6e33e431,1399678.067840948
6e33e433,1337541.2888582298
6e33e437,1263711.3090690393
6e33e43d,1413850.0732610477
6e33e440,1559777.378901227
6e33e442,1344289.3850267017
6e33e444,1075539.0322865155
6e33e447,1327441.2795584395
6e33e44d,1397467.3509456525
6e33e44f,1240895.7458842832
6e33e453,1322158.214318676
6e33e458,1207112.0895671283
6e33e45d,1080057.4601904468
6e33e462,1329212.6458402465
6e33e464,1432365.7658680496
6e33e467,1430439.7199367331
6e33e46c,1224766.5607843031
6e33e46f,1459744.9204554665
6e33e473,1202844.7188084319
6e33e476,1302137.921645073
6e33e47a,1046775.5337987553
6e33e47f,975627.9323171809
6e33e485,1376005.1127981017
6e33e48a,1489676.58484244
6e33e48d,1435679.7545014706
6e33e48f,1340038.4059981033
6e33e492,1424002.039439637
6e33e497,1489594.4157975079
6e33e49d,1103909.1810860625
6e33e4a1,1562592.2291733737
6e33e4a6,1467080.9237240604
6e33e4a9,1067645.614065506
6e33e4ad,1365231.9628618688
6e33e4b1,1404910.5502470075
6e33e4b3,1362234.2059717262
6e33e4b5,1364166.244516053
6e33e4b9,1195228.9923595663
6e33e4be,1462287.2402348965
6e33e4c3,1584545.3513285934
6e33e4c8,1182466.2434508936
6e33e4cd,1199203.2881993079
6e33e4cf,1456605.8989710824
6e33e4d1,1091867.2249554682
6e33e4d4,1000083.6726572732
6e33e4d7,1481148.1108707131
6e33e4d9,1498914.6371545477
6e33e4db,1310697.2415725857
6e33e4e1,1257747.8673325784
6e33e4e3,1296524.0511617647
6e33e4e9,1224856.1766346984
6e33e4ef,1497775.8972822684
6e33e4f5,1189517.2472586993
6e33e4fb,1246384.6473886478
6e33e4ff,1379766.5255300151
6e33e501,817060.8511663319
6e33e505,1493862.7690890522
6e33e50b,1403069.5854668936
6e33e50e,1290940.9743057443
6e33e511,1547935.5077331266
6e33e516,1414049.1083484099
6e33e51a,1532687.752836965
6e33e520,1291622.7046391
6e33e526,1219596.858662532
6e33e528,1279374.5548103827
6e33e52e,1229513.5302370295
6e33e533,1159524.2936902598
6e33e535,1361250.62567279
6e33e53b,1495928.7371864256
6e33e53e,1340689.449792531
6e33e540,1490638.4176001737
6e33e542,1070005.6887510829
6e33e547,1469157.8504767343
6e33e549,1008244.4351531244
6e33e54d,1023773.118506418
6e33e553,1142003.80560761
6e33e558,1460150.8210351984
6e33e55e,1417142.1236117694
6e33e563,1365292.9467375544
6e33e568,1118635.1375583573
6e33e56a,1262569.0020823954
6e33e56c,1282495.4447779208
6e33e56e,1157523.0698991462
6e33e573,1023883.2891046805
6e33e579,1381035.2086340813
6e33e57b,1290659.863543025
6e33e581,929035.8557789514
6e33e583,1527557.7460272498
6e33e587,1220982.682044676
6e33e589,1192015.935418465
6e33e58c,1490027.4027727225
6e33e591,1129138.5432539897
6e33e596,1534162.6640345263
6e33e59b,1284754.1600679322
6e33e59e,1408662.6155389163
6e33e5a2,1433241.413408646
6e33e5a8,1359010.4827644583
6e33e5aa,1454415.403320669
6e33e5ad,1103080.9056217698
6e33e5b3,1475405.8378113308
6e33e5b8,1443505.1247348879
6e33e5bd,1146205.2808506526
6e33e5c2,1491907.8060732065
6e33e5c4,1292461.5247206618
6e33e5c9,1286554.7650254106
6e33e5cf,1045139.7600404075
6e33e5d3,1352962.8155707612
6e33e5d8,1170662.2869552716
6e33e5db,1223027.4833191123
6e33e5de,1388912.3117597457
6e33e5e3,1434304.907007652
6e33e5e8,1042588.482068137
6e33e5ee,1543274.0720458704
6e33e5f4,994123.9213983724
6e33e5f9,1261090.3329771608
6e33e5fc,1213271.451791202
6e33e602,1484577.2294398146
6e33e606,1186155.0140865704
6e33e60c,1252591.5948036744
6e33e60f,1224845.5564123674
6e33e612,1476660.9781122
6e33e618,1274152.2215449314
6e33e61c,1556373.3644825756
6e33e622,1504575.492925133
6e33e628,1155019.4296988118
6e33e62d,1497458.6351410656
6e33e632,1251026.3456511772
6e33e634,1420842.9656669556
6e33e638,1315223.3868048294
6e33e63b,1177629.0453095946
6e33e640,1467863.5766235138
6e33e644,1418323.7846609533
6e33e649,1235576.9495236839
6e33e64e,855268.1034684633
6e33e650,1409961.1846517273
6e33e655,1400961.7076252159
6e33e659,1536055.732122174
6e33e65d,1400065.4007027922
6e33e662,1395042.8879327173
6e33e667,1474341.1704211493
6e33e66a,1257797.8203438672
6e33e670,1276093.6388781534
6e33e673,1194350.0924890493
6e33e675,1394162.86016859
6e33e678,1161736.4999158334
6e33e67d,1378956.283728633
6e33e681,1539628.528464745
6e33e684,1558804.6257850304
6e33e688,1488076.6807832234
6e33e68e,1186273.9542369002
6e33e694,1338924.5056375838
6e33e696,1056890.447753592
6e33e699,1130102.7855283734
6e33e69f,1475780.6202511336
6e33e6a1,1474889.1416857708
6e33e6a4,1407860.4608205154
6e33e6a6,1452402.0729662487
6e33e6a9,1448269.9863803806
6e33e6ad,1095545.848246349
6e33e6b3,1573527.6895836594
6e33e6b7,1430958.1359057247
6e33e6bb,1483393.638376107
6e33e6c0,1009533.9819899899
6e33e6c4,1359264.2814153372
6e33e6c6,1468979.0880908484
6e33e6c9,1306017.7721419425
6e33e6ce,1214230.8522022204
6e33e6d3,1452175.1958449823
6e33e6d5,1044864.1476001414
6e33e6d7,1112938.388543803
6e33e6d9,1326778.6970067052
6e33e6dd,1501788.8566605626
6e33e6df,1345669.2056085595
6e33e6e3,1238641.300360967
6e33e6e8,1426396.7797440796
6e33e6ed,1333955.0966610883
6e33e6f2,1406694.7905416938
6e33e6f8,1436436.4088875952
6e33e6fd,1270210.4893100504
6e33e702,1467679.801116156
6e33e708,963689.9750024952
6e33e70d,1140823.5106998202
6e33e710,1463127.0602670629
6e33e714,1163576.3110561003
6e33e71a,1273577.4204750778
6e33e71c,1482373.0449836722
6e33e71e,1295862.046914528
6e33e720,1170564.1737623636
6e33e723,931301.3629936483
6e33e729,902376.7242221611
6e33e72e,1523354.1214505844
6e33e732,1439246.3906618534
6e33e736,1113022.2031081324
6e33e73b,1440890.490795052
6e33e73f,1126142.8065109006
6e33e741,1292538.7483298804
6e33e743,1073784.5124552026
6e33e749,1357126.9099464614
6e33e74e,942909.6247784293
6e33e752,1495578.847259271
6e33e754,1316538.6308403101
6e33e758,1310387.644077722
6e33e75c,1500657.5868910928
6e33e760,1256846.6652791658
6e33e764,999332.3319748358
6e33e769,1234991.4655944502
6e33e76d,1598839.8393400244
6e33e773,1103154.5551827503
6e33e777,869170.0095709709
6e33e77d,1079327.5489850114
6e33e782,1261294.0591185547
6e33e786,1104698.4198055384
6e33e78a,1426852.4092900618
6e33e790,1477804.475574772
6e33e795,1457598.8904125695
6e33e799,1298248.918636782
6e33e79c,1093974.2756272121
6e33e7a1,1430883.6346227706
6e33e7a4,1473383.5712144605
6e33e7a7,972812.8041032269
6e33e7aa,1387295.6687609644
6e33e7ae,1364180.9891858292
6e33e7b3,1443480.7267445468
6e33e7b6,1498607.8110431968
6e33e7b8,1257402.6159158081
6e33e7ba,1222227.072982777
6e33e7be,960010.0538832679
6e33e7c1,1380237.428986031
6e33e7c5,1107295.1818914926
6e33e7cb,1476856.4567641178
6e33e7cf,1034119.0709804337
6e33e7d2,1151256.3030453995
6e33e7d6,1029524.9158444611
6e33e7d8,858603.2488637255
6e33e7db,1247556.5122141647
6e33e7de,1365828.3896390633
6e33e7e3,1063353.4918165265
6e33e7e7,1310846.1388857104
6e33e7e9,959079.1623087409
6e33e7ee,967943.8800358846
6e33e7f3,1185703.0426247146
6e33e7f8,1285845.806862767
6e33e7fd,1448212.5052046552
6e33e803,1433976.139395476
6e33e809,1528458.8474747408
6e33e80b,1567913.1777338597
6e33e80d,1113221.4271732848
6e33e812,1389873.1014964825
6e33e814,1417246.2398824967
6e33e81a,1418410.8803944509
6e33e81f,1305137.1637534834
6e33e824,1422413.055707201
6e33e826,1440366.5107518793
6e33e82c,1299019.3700736063
6e33e831,1254754.3673955135
6e33e835,1389329.2671908655
6e33e838,1228208.6258198246
6e33e83d,1413836.807466961
6e33e841,1510974.7852525588
6e33e845,1534402.8353591403
6e33e849,1429300.2861155735
6e33e84f,1327336.8282952644
6e33e855,1163138.6367603266
6e33e859,1282029.5303621506
6e33e85f,1386529.0557324751
6e33e862,903910.8620346638
6e33e865,983553.4240994977
6e33e868,1103170.7747033145
6e33e86c,1338812.6745409672
6e33e872,1360171.4821655422
6e33e874,1225544.7376950565
6e33e877,1154107.6982949083
6e33e87d,887452.8698647984
6e33e882,1384732.778838468
6e33e886,1268725.1321687512
6e33e88a,1525455.133955932
6e33e88c,1527578.6141564972
6e33e88e,1205934.7124067997
6e33e893,1353897.3983899057
6e33e898,1148264.985009635
6e33e89a,1215123.4736426827
6e33e89d,1323337.7989592385
6e33e89f,1416736.4225070754
6e33e8a4,1391672.991229393
6e33e8a8,1231829.5882428999
6e33e8ae,1310578.6768172737
6e33e8b0,1136865.2656874154
6e33e8b2,1360206.8107488959
6e33e8b6,1354802.1365267483
6e33e8b8,1246393.0502548942
6e33e8bd,1358912.1281979135
6e33e8bf,1276989.9915406103
6e33e8c3,1308421.9600560274
6e33e8c8,1429662.2426712397
6e33e8cb,1302404.1150704192
6e33e8d0,1377956.84420795
6e33e8d3,1209260.5031792317
6e33e8d7,1367304.194995245
6e33e8dd,1202788.4380781625
6e33e8df,1411550.45895618
6e33e8e3,1122894.8096790975
6e33e8e9,1431713.8064655482
6e33e8ec,1394741.982630842
6e33e8f0,1400087.7838937559
6e33e8f3,871963.6140153022
6e33e8f5,1458791.009519134
6e33e8f9,1271913.9018466938
6e33e8ff,1527862.6063026884
6e33e904,1394899.164239319
6e33e906,1303160.7979507071
6e33e90c,1371608.9524705284
6e33e911,913674.6093040645
6e33e916,1316777.766428171
6e33e919,1447657.0359138157
6e33e91f,1397103.9450976565
6e33e925,1295974.8483559724
6e33e928,1233934.4242947516
6e33e92e,1615772.6504876157
6e33e932,938631.7722554109
6e33e934,975075.9259768996
6e33e939,1168819.6513624731
6e33e93d,1429780.0447920242
6e33e942,1203968.6526456252
6e33e947,1333616.9784442182
6e33e94c,1040109.0570972909
6e33e952,1564657.4852949104
6e33e957,1337575.317227949
6e33e959,1183742.2576332446
6e33e95f,1285800.2861872423
6e33e963,1454497.648974786
6e33e967,891604.5417716051
6e33e96a,1134971.0476085024
6e33e96e,1331776.902137748
6e33e973,1350607.9409335884
6e33e977,1225927.8913459363
6e33e97c,1304688.702611168
6e33e982,1530482.4637954282
6e33e988,1431942.1018495418
6e33e98e,962438.644747094
6e33e991,1580306.7514124122
6e33e996,1529243.0793205067
6e33e998,1251603.8655048807
6e33e99b,1432411.3672903588
6e33e9a0,1509602.6586385265
6e33e9a6,1135892.3286725515
6e33e9aa,1258275.1682555638
6e33e9af,1124461.203252199
6e33e9b2,1548900.0976055958
6e33e9b8,1331278.5025459072
6e33e9bd,1578559.1569043573
6e33e9c3,1199360.8681533346
6e33e9c6,1204771.170895609
6e33e9cc,1222253.2399397295
6e33e9d2,1158657.9223593771
6e33e9d8,1460896.9664845031
6e33e9db,1478849.5716850762
6e33e9de,1254122.1883405582
6e33e9e2,1446613.1309235853
6e33e9e5,1404153.709802318
6e33e9ea,1125839.4727889106
6e33e9ee,1393632.2372850706
6e33e9f3,1223285.855381533
6e33e9f7,1389566.5367006906
6e33e9fd,1269242.9170770654
6e33ea03,1348225.057179001
6e33ea09,1462374.1888902448
6e33ea0b,1219166.8382384852
6e33ea0f,934552.0754984472
6e33ea15,1327037.755105904
6e33ea1b,1324181.4791062993
6e33ea21,1434799.5130769182
6e33ea25,1351560.5417826031
6e33ea29,1195696.316443243
6e33ea2d,865765.1001076789
6e33ea2f,1214530.4179048485
6e33ea32,1577710.990706614
6e33ea37,1059588.15558464
6e33ea3d,1014032.2164246697
6e33ea42,1262155.7135999487
6e33ea47,942875.3440330144
6e33ea4a,1557732.6701899676
6e33ea4d,1010657.1680072268
6e33ea4f,1227530.5404212815
6e33ea53,1256777.2664394684
6e33ea59,1303616.2332690249
6e33ea5d,1575006.0245573593
6e33ea63,1247771.663814
6e33ea69,1444536.6535137373
6e33ea6c,1475583.7324474535
6e33ea6e,1197851.6835155063
6e33ea72,1469019.8248063829
6e33ea75,1313911.7200416364
6e33ea78,1580779.9573891344
6e33ea7a,1321420.1163084817
6e33ea7c,1524086.103574788
6e33ea7e,1109408.1516562887
6e33ea84,1289822.6293088025
6e33ea87,1236640.4357582314
6e33ea89,1448644.4163627052
6e33ea8c,1240302.0303726005
6e33ea8f,1070040.0803132127
6e33ea94,963165.6030842715
6e33ea97,1385753.5439700657
6e33ea9d,1245029.1074455401
6e33ea9f,1413373.3466654115
6e33eaa1,1520665.9309954492
6e33eaa3,1267425.5517885531
6e33eaa9,1532976.4139367254
6e33eaae,1179398.5330308548
6e33eab0,1408591.66879885
6e33eab3,1305527.4777191947
6e33eab6,1277612.13374246
6e33eabb,1351773.7801654064
6e33eabe,1204746.679936659
6e33eac3,1392523.1349523237
6e33eac6,1404011.1768512994
6e33eacb,1403804.089109758
6e33eacd,1026738.9226001825
6e33ead0,1321994.077384363
6e33ead6,1066705.3250712657
6e33eada,952053.0921977705
6e33eade,1352807.906254928
6e33eae0,1373657.2572410034
6e33eae5,1481717.340367118
6e33eae7,1281498.74601699
6e33eaec,1427138.761357503
6e33eaef,1417381.4716752435
6e33eaf5,1586523.9608830647
6e33eafa,1413769.729665629
6e33eaff,1406140.3344371058
6e33eb01,1458831.46152006
6e33eb06,1276217.6475057492
6e33eb08,1365010.2889505336
6e33eb0e,972976.192415235
6e33eb10,1110906.3172807787
6e33eb16,1209382.7244335164
6e33eb1b,1296246.4135327893
6e33eb1d,1197680.5398210643
6e33eb20,1247618.8198648826
6e33eb22,1394295.6726172764
6e33eb28,1487891.7376725823
6e33eb2c,1471976.8653302821
6e33eb31,1355695.5118338512
6e33eb37,1375797.2545221443
6e33eb3c,1218270.1482374037
6e33eb42,1384249.3116737534
6e33eb44,892599.3040100964
6e33eb4a,1501877.0506190306
6e33eb4d,1247752.8523480755
6e33eb4f,1421471.4511425993
6e33eb52,849885.3597007435
6e33eb56,1286574.444994797
6e33eb58,1514468.5446960668
6e33eb5d,1504265.579537391
6e33eb63,1437310.4930578056
6e33eb66,1402464.335422903
6e33eb68,1484243.1511987096
6e33eb6c,1073142.5112412726
6e33eb6e,1380991.709028333
6e33eb73,1544918.6870532008
6e33eb79,1509643.8900155073
6e33eb7b,1163022.9477978612
6e33eb7d,847481.8405421047
6e33eb82,1412930.2302695594
6e33eb84,1519703.4412135798
6e33eb88,1338257.8383596977
6e33eb8a,1369757.7615934992
6e33eb8d,1156633.7703604028
6e33eb91,1521633.506661414
6e33eb96,1324502.371449991
6e33eb98,1371607.100162547
6e33eb9b,898732.9353001455
6e33eba1,888174.3485259771
6e33eba3,1292028.0961722764
6e33eba9,1013685.0039762649
6e33ebae,1218848.4483849765
6e33ebb3,1457270.1251222065
6e33ebb5,1360835.7208731882
6e33ebb7,1187421.9248158662
6e33ebb9,1280622.1432039486
6e33ebbe,1404583.0494158042
6e33ebc0,1355496.4930699014
6e33ebc3,1474724.3100185606
6e33ebc7,1430570.3884097934
6e33ebcb,1330240.1189411979
6e33ebd0,1459887.8507735317
6e33ebd2,1368689.0374365891
6e33ebd6,1348137.7204601367
6e33ebdb,1458957.8287982633
6e33ebe1,1028405.4064275909
6e33ebe3,1206749.6922934589
6e33ebe6,742012.1064974596
6e33ebe9,1296434.711959804
6e33ebef,1168539.1374221165
6e33ebf5,1330851.7416399335
6e33ebf8,1575231.9100972011
6e33ebfd,1128067.5441003975
6e33ec01,1334380.8750219287
6e33ec04,1093487.2856578666
6e33ec06,1194050.8186644013
6e33ec0b,1233333.6468521536
6e33ec0d,1307688.6565549185
6e33ec12,1231605.4186823708
6e33ec16,1442026.906471226
6e33ec19,1377018.8561147666
6e33ec1f,1405041.0060952906
6e33ec25,1520701.5266011078
6e33ec2b,805808.1896892105
6e33ec2f,1025048.6172846297
6e33ec35,1378251.1805098471
6e33ec39,1119607.4269617486
6e33ec3d,1538917.8066674422
6e33ec43,1005992.6333680649
6e33ec49,1009226.0981634203
6e33ec4e,1084749.9040858075
6e33ec52,1396228.5930031652
6e33ec54,1410489.400199575
6e33ec59,1543903.9075412846
6e33ec5c,1273331.563835712
6e33ec5e,1417321.5198840501
6e33ec61,1413917.1782968
6e33ec63,1387765.202229876
6e33ec69,1256765.8439949912
6e33ec6b,1332057.7279769147
6e33ec6e,1374273.2723039973
6e33ec71,1330667.5161958835
6e33ec73,1198033.2443989955
6e33ec79,1227520.0018729027
6e33ec7d,1422702.7185845939
6e33ec81,1314051.5014851715
6e33ec85,1353080.6461696099
6e33ec87,1187354.5621914372
6e33ec89,1364321.5854951565
6e33ec8d,1426655.054276585
6e33ec92,973473.6507702563
6e33ec96,1279368.572755398
6e33ec9c,1052059.1947476014
6e33eca1,1240680.3242375683
6e33eca3,1382078.1060893626
6e33eca6,1425046.0584226795
6e33ecaa,1341138.3959350127
6e33ecac,1356823.391280146
6e33ecaf,1110403.9456704678
6e33ecb5,1193942.030151175
6e33ecb8,1452117.9424858813
6e33ecbd,1232807.7357551367
6e33ecc1,1268600.3604456512
6e33ecc7,992524.0436944375
6e33eccd,1392076.5878489818
6e33ecd0,1446300.2711299565
6e33ecd6,1438291.933130857
6e33ecdb,1303969.9761930278
6e33ecde,1459648.8601055709
6e33ece1,1419413.6906562017
6e33ece3,1389365.7430174549
6e33ece7,1128708.5555031467
6e33ecea,1386548.2862388366
6e33ecec,1215227.4230660377
6e33ecf2,1520987.874603279
6e33ecf7,1388780.3797697637
6e33ecfd,1366410.4424839884
6e33ecff,1541413.906334562
6e33ed04,1318099.1161819783
6e33ed07,1180682.3186818562
6e33ed0a,1412704.696825925
6e33ed0f,1356795.2333991304
6e33ed14,1237739.3225373498
6e33ed19,1311753.9178556977
6e33ed1d,1086998.5677917262
6e33ed1f,1516936.4582713677
6e33ed21,1173607.6786651039
6e33ed26,1369547.5447055371
6e33ed2c,1409696.8717706676
6e33ed32,1360234.2436747388
6e33ed35,1156095.557400323
6e33ed38,1517787.3901383143
6e33ed3d,1479243.5663027363
6e33ed40,1165164.4853152784
6e33ed42,1381576.5074639807
6e33ed48,1129678.4532463793
6e33ed4d,944033.655860146
6e33ed52,1269806.8799543097
6e33ed55,1093834.402221505
6e33ed58,1493000.995079017
6e33ed5a,1396721.319467194
6e33ed5e,1277365.3153541202
6e33ed64,1408585.6057863557
6e33ed66,1456651.1712988133
6e33ed69,1519355.0766635574
6e33ed6b,1488431.979016466
6e33ed6d,1314766.3410456628
6e33ed71,1555231.361437566
6e33ed75,1495639.926335708
6e33ed7a,1292981.6108257168
6e33ed7e,1180769.127850517
6e33ed80,1087106.6422765593
6e33ed83,1329167.0407018613
6e33ed85,1299142.4476957025
6e33ed89,1411091.3933113115
6e33ed8c,1425918.6262095175
6e33ed8e,1482919.9904504668
6e33ed91,1433087.695764714
6e33ed93,1257007.3567392982
6e33ed99,1196207.4278269028
6e33ed9b,818849.8571769104
6e33eda1,1477690.1373241218
6e33eda3,1267543.7917604072
6e33eda6,1310413.5455290547
6e33edab,1378386.596049779
6e33edb0,1453562.1382627995
6e33edb4,1383862.422779433
6e33edb6,1365534.5500622008
6e33edb8,1366904.0058276805
6e33edbc,1427470.1397601198
6e33edc1,1078248.6250252235
6e33edc6,1442368.3249881272
6e33edc9,1370446.5118228812
6e33edcf,1334164.079194508
6e33edd3,1021663.544015088
6e33edd5,1369615.6303733906
6e33edd8,1501168.0698242201
6e33eddb,1355745.937700642
6e33edde,1202363.5026299492
6e33ede0,1121285.280080107
6e33ede6,1162326.8785651117
6e33ede8,1317744.7211732464
6e33edee,1385219.9933351222
6e33edf0,920446.6134190927
6e33edf5,1530000.295407997
6e33edf9,1380696.6883237483
6e33edfb,1278219.643978586
6e33edfd,1082322.5099756399
6e33ee00,1480997.6677792664
6e33ee05,969700.3167988171
6e33ee0b,1363415.2166594171
6e33ee0d,1251526.7670351188
6e33ee13,1245821.909674759
6e33ee17,1256120.0281146949
6e33ee1d,1205713.802252917
6e33ee20,1257997.7757109574
6e33ee23,910166.8325515678
6e33ee25,1287120.7423244359
6e33ee2a,1453098.7229418014
6e33ee2d,1426424.9370429423
6e33ee2f,1453995.1813513346
6e33ee34,1137665.7005524207
6e33ee37,1363001.9079678862
6e33ee3b,1397943.040145499
6e33ee3d,1465634.6964635607
6e33ee3f,1128353.2536572767
6e33ee41,1330615.3458143044
6e33ee47,1589115.7848090108
6e33ee4a,1227862.6370145946
6e33ee4c,1401944.6685219686
6e33ee51,1225894.7645907495
6e33ee54,1258078.0371956553
6e33ee59,1334067.8998322783
6e33ee5b,1374716.6174373385
6e33ee61,1409610.6165411812
6e33ee66,1423783.8804808338
6e33ee6b,1398562.215472531
6e33ee70,1347554.549040152
6e33ee74,1439607.3327459067
6e33ee77,994344.5470111156
6e33ee7c,1441029.6395455597
6e33ee7f,1212904.353352169
6e33ee84,1465051.8433340804
6e33ee88,1319228.8740227183
6e33ee8d,1321459.564338996
6e33ee93,1127095.862608006
6e33ee97,1015201.7652961733
6e33ee9a,1424986.682102767
6e33ee9c,1379555.3176809836
6e33ee9f,1136751.3909421586
6e33eea3,1520737.1742238617
6e33eea6,1573437.6502955146
6e33eeab,1190250.4652336936
6e33eeaf,1470886.259228848
6e33eeb3,1070378.5920753714
6e33eeb5,1362468.051432397
6e33eeb7,1533597.1054562484
6e33eeba,1210884.3193162882
6e33eec0,1503762.7941126828
6e33eec2,1461990.8204655417
6e33eec6,1439140.7045775424
6e33eecc,1150457.0830969699
6e33eed2,1416404.2067539715
6e33eed7,1389758.971454863
6e33eedb,932376.9657968658
6e33eee1,1344531.4543939657
6e33eee6,893753.7890544597
6e33eeec,1059997.8663631408
6e33eef0,1315145.142800157
6e33eef6,1465014.9717623987
6e33eefb,1477524.9876237072
6e33ef00,1368667.1899257086
6e33ef05,1297011.599535798
6e33ef0b,1311749.2997437296
6e33ef10,1192872.1125023097
6e33ef16,1273657.9469928844
6e33ef1a,1408847.072764685
6e33ef1f,1132177.438941003
6e33ef21,1429054.1875577257
6e33ef23,1327069.4646151445
6e33ef29,1413778.3387656526
6e33ef2d,1488905.852761408
6e33ef33,1091245.9948569213
6e33ef35,1382685.9609140272
6e33ef3a,1015398.1148172016
6e33ef3f,1116514.3161570192
6e33ef43,1343644.2243963715
6e33ef47,1355222.080696357
6e33ef4d,1000492.17954915
6e33ef50,1339260.1812383858
6e33ef53,1356512.445824792
6e33ef55,1283536.7572814943
6e33ef59,1345937.8130141122
6e33ef5b,1256176.2478217965
6e33ef5f,1409126.7464277341
6e33ef63,1297664.5737273765
6e33ef69,1228785.7150895118
6e33ef6c,1432559.2998839656
6e33ef71,1351035.612600037
6e33ef75,1195979.1551978872
6e33ef79,1520529.3496750467
6e33ef7b,1461353.5058678144
6e33ef80,1384127.1561837788
6e33ef85,1338489.146180408
6e33ef8a,1249779.1959381124
6e33ef8c,1142951.7384774007
6e33ef90,1412358.9252153654
6e33ef93,1512895.1458969838
6e33ef98,994795.6530885018
6e33ef9e,1453472.659082275
6e33efa1,1479634.5466289744
6e33efa7,1397094.4386422455
6e33efa9,952733.5874373156
6e33efad,1468698.495603538
6e33efb1,1267760.6550268785
6e33efb6,1356549.583158086
6e33efbc,1354835.5926667561
6e33efbe,1234384.7844865525
6e33efc1,1050107.6014034357
6e33efc7,1282906.093423525
6e33efcc,1110702.5419891495
6e33efcf,1092239.88776666
6e33efd4,1302394.1690039567
6e33efd9,1514329.4265230158
6e33efdd,1458326.2255363744
6e33efdf,1341799.9223813517
6e33efe3,1198590.1153408666
6e33efe5,1483668.368188166
6e33efe7,1420642.2957670037
6e33efea,1319067.6988146221
6e33efec,1248675.58373319
6e33efee,1079517.2657281058
6e33eff3,1358596.467624375
6e33eff8,1286649.718456586
6e33effd,1359417.2272769613
6e33f002,1279521.7938948823
6e33f005,1585536.6553325052
6e33f00a,1250814.8214536514
6e33f010,1435010.193332467
6e33f016,1278010.3884975517
6e33f01a,1045139.2580367012
6e33f01e,1319808.6687006643
6e33f020,1247852.1092602566
6e33f026,1491649.4415330999
6e33f028,1025754.257840998
6e33f02d,1323565.0685072492
6e33f032,1410394.5017411606
6e33f034,1514369.2123155755
6e33f03a,1398278.6969102274
6e33f040,1385603.399706649
6e33f043,1518250.5692418823
6e33f048,1431806.230398258
6e33f04b,1468909.3872093074
6e33f04f,1138991.7252383353
6e33f054,1607874.096557918
6e33f057,1306367.7843200106
6e33f05c,1540417.671923793
6e33f062,1583593.955223958
6e33f067,1299829.1547822803
6e33f06c,1365860.2389796614
6e33f070,1154235.435851239
6e33f074,1500838.9308977346
6e33f077,1356335.102838592
6e33f079,1421392.3461308926
6e33f07d,1505668.8004465203
6e33f082,1093188.869954574
6e33f084,931635.6568247473
6e33f089,1186139.279692134
6e33f08d,1188316.6284517595
6e33f08f,1064900.8345892597
6e33f095,1175595.8430729697
6e33f09a,1300009.1778378082
6e33f09d,1227063.2658444443
6e33f0a0,1297567.4130895315
6e33f0a2,1325657.932927983
6e33f0a5,1340930.6670055203
6e33f0aa,1041552.6735401361
6e33f0ae,1431337.3291550362
6e33f0b1,1255885.8483715043
6e33f0b6,1440704.1552256122
6e33f0b8,1498810.0331364106
6e33f0bd,1027681.6996083842
6e33f0c2,1371276.043987985
6e33f0c6,1266563.7833630843
6e33f0cc,1177575.7438344087
6e33f0d2,1305970.758030044
6e33f0d4,1293259.2992398604
6e33f0d8,1135583.4236037221
6e33f0de,1449199.9594313651
6e33f0e3,1518649.3459287535
6e33f0e6,1486191.5403643928
6e33f0e8,1076594.2365004872
6e33f0ed,1386114.598818147
6e33f0f2,1285386.1590205173
6e33f0f6,944479.8828802322
6e33f0fc,1186948.3831676668
6e33f102,1269406.8100154335
6e33f108,1313992.2880923175
6e33f10d,1392765.3072931385
6e33f113,1382077.2854587708
6e33f116,1455393.6399009875
6e33f11c,1472132.4275949446
6e33f122,1229350.0900388185
6e33f125,989931.3170942545
6e33f12a,1489489.7012161368
6e33f12d,1252546.0713275303
6e33f133,1165071.1948631909
6e33f135,1218250.857422522
6e33f13a,1190288.5584076254
6e33f13c,1532087.3793402864
6e33f13f,1512186.7880160685
6e33f144,1540577.2906388794
6e33f146,1061867.103596346
6e33f14c,1311060.7299433027
6e33f14e,1429601.8850056648
6e33f153,1117631.2134825632
6e33f155,1387712.5576656433
6e33f15b,1361977.819912906
6e33f160,1087013.519407392
6e33f166,1459516.7963699067
6e33f16c,1407897.6604798373
6e33f16e,1225036.9494961887
6e33f172,1007765.4859330654
6e33f175,1203869.3626959745
6e33f17b,1253323.4928572276
6e33f17e,1150961.0813094398
6e33f184,1356675.2720874287
6e33f188,1465803.8949948242
6e33f18b,1483154.2190800745
6e33f18d,1161226.4083862389
6e33f192,1296345.2910671611
6e33f197,1140728.3846887036
6e33f19c,849593.6004448077
6e33f19e,1207538.0594210003
6e33f1a3,1459218.088148443
6e33f1a9,1262374.4208187691
6e33f1ab,1296790.3662311784
6e33f1ad,1392066.4429547354
6e33f1af,1359326.2001626615
6e33f1b4,1077743.3821952438
6e33f1ba,1286700.0387634947
6e33f1bd,1165592.2376846033
6e33f1c2,1225402.085009715
6e33f1c4,1482509.4999592446
6e33f1c9,1149507.2799829615
6e33f1cf,1362951.755207032
6e33f1d5,1445178.2496897683
6e33f1da,1271232.4796387847
6e33f1de,1398851.4274930477
6e33f1e1,1328378.6697599553
6e33f1e6,1143287.5825782702
6e33f1ea,1335021.4645880435
6e33f1ee,1273698.3064942127
6e33f1f0,944923.5268189651
6e33f1f6,1296781.8211517571
6e33f1f8,1196898.815429176
6e33f1fc,1156209.1149526334
6e33f202,1285444.620270273
6e33f208,1343779.2517106305
6e33f20d,1282300.0932514207
6e33f212,1406840.5791050142
6e33f215,1161929.1279931962
6e33f218,1436412.47043471
6e33f21c,1404407.31868252
6e33f21e,1495197.680336073
6e33f222,1404507.4375443063
6e33f225,1529829.4745905837
6e33f227,1497833.9914732515
6e33f22c,1401547.0708165327
6e33f22f,1621106.983718303
6e33f233,1313499.3777936327
6e33f239,1219287.162663849
6e33f23e,1142498.614030338
6e33f242,1191520.81616859
6e33f245,1490715.9332977624
6e33f247,1259014.8546631108
6e33f24d,1432266.753661639
6e33f253,1135840.6524931702
6e33f255,1514191.5337855485
6e33f25a,1186960.419275711
6e33f25f,1407655.0774187576
6e33f263,1452901.7255158424
6e33f269,1273262.2316151313
6e33f26b,939796.3029853633
6e33f271,1228868.85365384
6e33f273,1504651.7937069843
6e33f277,1079194.5018741605
6e33f27d,1488626.174715065
6e33f283,1134400.6035468718
6e33f288,1196706.7876165037
6e33f28b,891001.1968956087
6e33f290,1480638.2220544738
6e33f296,1336639.2451000977
6e33f29c,1436444.2027820547
6e33f29f,1530068.4117203515
6e33f2a4,1342025.050870698
6e33f2a7,1247709.653717917
6e33f2ad,1050853.2856700625
6e33f2b0,1194037.8997103572
6e33f2b3,1496753.515805138
6e33f2b9,994393.0713928338
6e33f2bb,1469936.4395950506
6e33f2bd,1299371.8977976285
6e33f2c0,1371746.278060653
6e33f2c2,1329062.7397299472
6e33f2c7,1066200.01707349
6e33f2cc,1135608.0283382395
6e33f2d2,1478520.6983219942
6e33f2d6,1050805.8787672077
6e33f2dc,1281872.5984761908
6e33f2e0,1239111.3768103167
6e33f2e4,1379223.0178379535
6e33f2e7,1539397.8416581836
6e33f2e9,1413938.242202161
6e33f2ef,1261941.4914261193
6e33f2f4,1404129.6906040024
6e33f2f7,1271978.160066676
6e33f2fa,1477134.5845796794
6e33f2fc,999064.4261612871
6e33f302,1205798.162493669
6e33f304,1487476.280495245
6e33f307,1473158.2184022933
6e33f30d,1385135.2600833706
6e33f311,1348620.0550106163
6e33f315,1410308.0835018007
6e33f318,1330904.2699135852
6e33f31b,1465952.645802503
6e33f321,1416670.9705991829
6e33f327,1417210.6516136853
6e33f32d,1434539.756691836
6e33f332,1440487.421088608
6e33f334,1292072.9760122367
6e33f338,1344850.954354731
6e33f33d,1290170.1729868648
6e33f341,1610678.1816626973
6e33f346,1558289.4474020896
6e33f348,1373848.912697477
6e33f34e,1339637.9478210716
6e33f351,1090285.1297445046
6e33f354,1368400.0924375397
6e33f356,1141968.5166941641
6e33f35c,1247045.4343678292
6e33f35f,1523020.0663101964
6e33f361,1123423.6110365337
6e33f366,1297941.658446111
6e33f36c,1435439.5454185265
6e33f370,1374803.3735669171
6e33f374,1216314.492877435
6e33f379,1402581.8759889351
6e33f37c,1316219.920991235
6e33f37f,1372301.8603230747
6e33f385,974784.7492213261
6e33f38a,1514653.5560215232
6e33f38c,1327818.109913112
6e33f391,1386630.2976759186
6e33f396,1376741.5995199245
6e33f39c,1285046.1869881328
6e33f3a1,1038140.8025914375
6e33f3a6,1348428.494060416
6e33f3a8,1251054.2113727815
6e33f3ac,1470132.7146564114
6e33f3b0,1398279.4338365933
6e33f3b2,1428907.2414617292
6e33f3b6,1483281.9100538807
6e33f3b8,1439099.696162322
6e33f3bb,1082963.9105891907
6e33f3bd,1381346.0097270487
6e33f3c0,1346323.8650777685
6e33f3c4,1090376.2268356557
6e33f3c9,1300791.2408019213
6e33f3cb,1126769.4575956739
6e33f3ce,1113222.5485991226
6e33f3d2,1161132.0754689118
6e33f3d6,1041426.761408032
6e33f3db,1262864.8949310132
6e33f3dd,1100523.5268977503
6e33f3e1,1376736.9042570626
6e33f3e3,1454087.8443130737
6e33f3e5,1283888.515155089
6e33f3eb,1106403.462727248
6e33f3ef,1577170.1510947873
6e33f3f1,1351331.2329196143
6e33f3f3,1166947.9685815442
6e33f3f9,1519380.25287762
6e33f3fc,1193282.3427769642
6e33f3ff,1530801.1940821721
6e33f404,1159683.9821782946
6e33f407,1385705.565427985
6e33f40b,1556957.076299064
6e33f411,989175.8740371836
6e33f414,1502249.8437856655
6e33f41a,857540.5781382903
6e33f41c,1012248.641342428
6e33f421,1032679.1983151218
6e33f425,1244088.7633232547
6e33f427,1167929.7088236012
6e33f42c,1554257.8994120846
6e33f42e,1447413.5991654787
6e33f431,1273753.4469218035
6e33f437,1331445.2253924536
6e33f43a,1353421.5023809413
6e33f440,1363616.1337224604
6e33f442,1037483.8617366888
6e33f445,1146297.5777470954
6e33f44b,1362915.1173008734
6e33f44e,1514188.7598179854
6e33f451,1300374.1229483488
6e33f456,1461401.8309513798
6e33f459,1450989.8660490953
6e33f45f,1421772.624776663
6e33f461,1375823.466638954
6e33f463,1479345.2921520516
6e33f465,1263012.9072010282
6e33f468,1262478.9653945784
6e33f46e,1197884.825059104
6e33f470,1327095.8787018459
6e33f473,1415368.7468322744
6e33f476,1489336.8873223232
6e33f479,1421561.3901527082
6e33f47b,1142355.5773302522
6e33f47d,1425173.6687164688
6e33f481,1446201.5828760387
6e33f483,1304216.251348535
6e33f485,1288156.1175708657
6e33f48a,1155339.288139045
6e33f48d,1219091.022334091
6e33f490,1435492.321928291
6e33f496,1438856.3127933373
6e33f49c,1193777.7369231686
6e33f49e,1394529.9746174386
6e33f4a0,1552859.5227225185
6e33f4a5,1126945.6868223632
6e33f4a8,1446240.3545057294
6e33f4ae,1014841.2784949389
6e33f4b3,1100358.1488902685
6e33f4b9,1461627.844304571
6e33f4bd,1295576.458961764
6e33f4bf,780257.8169748189
6e33f4c3,1323225.6375182483
6e33f4c7,1332290.8046232753
6e33f4ca,1028110.8299517592
6e33f4cc,1335693.9093510117
6e33f4d0,1259975.8700332653
6e33f4d3,1598308.5246395613
6e33f4d5,987132.7424429264
6e33f4da,1187229.6793953613
6e33f4dc,1446131.5490983108
6e33f4de,1233041.6884373785
6e33f4e4,1034175.9987711082
6e33f4ea,1451939.9286968682
6e33f4ec,1448920.2757266744
6e33f4f2,1290176.2034540125
6e33f4f8,1316280.0231782708
6e33f4fc,1206864.0326410928
6e33f502,999789.0086509658
6e33f508,1268635.0047227554
6e33f50b,1334595.970210497
6e33f511,1244536.6719954032
6e33f517,1274877.4422840793
6e33f51b,1180492.1592179602
6e33f51f,1404657.0500796859
6e33f524,1166941.5643019618
6e33f527,1233311.5242321964
6e33f52a,1442670.5860877712
6e33f52c,1455269.417297865
6e33f531,1110512.120708846
6e33f537,1226275.0544528728
6e33f53c,1352192.784937927
6e33f53f,1280617.300841482
6e33f541,1250019.956657296
6e33f543,1343556.6974399532
6e33f547,1332439.679440413
6e33f54c,1511635.4878520323
6e33f550,1448561.3101899659
6e33f552,1399719.187369441
6e33f556,1444234.5778498827
6e33f55c,1459291.2745984232
6e33f560,1523716.1090097385
6e33f563,1079317.207576165
6e33f565,1305866.308319613
6e33f56b,1558739.1174729308
6e33f56e,1371277.2908790512
6e33f570,1183669.1500864641
6e33f574,1509721.7628489637
6e33f579,1138685.9024903683
6e33f57f,1257261.4062593803
6e33f581,1348671.2034839522
6e33f587,1101231.4291868315
6e33f58d,1475359.63321506
6e33f593,1241082.0188871634
6e33f599,1420962.8509264928
6e33f59b,1156243.2960824873
6e33f59e,1170740.572393817
6e33f5a4,1564122.3521167329
6e33f5a8,1195614.777078111
6e33f5ac,1177794.2119545932
6e33f5b1,1488087.777663023
6e33f5b5,1475721.3842977053
6e33f5b8,1240122.9017412243
6e33f5be,1083583.946705915
6e33f5c3,873985.9290556675
6e33f5c8,1464607.4075250698
6e33f5cd,1264058.1483857275
6e33f5d1,1310776.213265736
6e33f5d4,1289942.3830069923
6e33f5d7,1445460.4765909982
6e33f5d9,1323036.5592493087
6e33f5de,1358843.6109964428
6e33f5e0,1335082.031134398
6e33f5e5,1319303.769639106
6e33f5e7,1397379.248652684
6e33f5eb,1266008.398634645
6e33f5f1,1412437.6494013586
6e33f5f6,1368322.8079398945
6e33f5fc,1457357.637086305
6e33f5ff,1044337.6676862885
6e33f601,1511233.7386398993
6e33f606,1249777.710149728
6e33f608,1345361.179135126
6e33f60e,938869.902726932
6e33f612,1175353.123995945
6e33f615,1362955.8761787338
6e33f61b,1371141.9784328137
6e33f61d,1091569.377517514
6e33f620,1092512.202447428
6e33f625,1236068.9452173328
6e33f628,1197139.5702606954
6e33f62b,1449769.8959930812
6e33f62d,1116360.268364331
6e33f630,1583136.0660730023
6e33f636,1208203.0142001566
6e33f63a,1256024.9961509353
6e33f63c,1403941.4582416688
6e33f63e,1342308.2254721313
6e33f640,1283354.7929153882
6e33f642,1409632.5113986656
6e33f648,1212603.332243153
6e33f64a,1130561.8437396043
6e33f64d,1512203.4445221007
6e33f651,1280863.8604428733
6e33f655,1256587.4355957734
6e33f659,1330052.74710775
6e33f65c,1468910.2568837209
6e33f662,1407525.1814429155
6e33f664,1476908.943149039
6e33f666,1390544.5992635116
6e33f669,1232461.7793993098
6e33f66c,1239261.6396934066
6e33f670,991826.0450339605
6e33f674,1355490.821208178
6e33f679,1444641.0546026628
6e33f67c,1490338.045009841
6e33f67e,1114172.61319218
6e33f681,1418797.952314098
6e33f684,1474961.218188628
6e33f689,1275002.732486771
6e33f68f,1462626.433642984
6e33f691,1362899.5019216344
6e33f693,1244114.935679439
6e33f699,1174283.268598307
6e33f69c,1431651.2261337368
6e33f6a0,1011516.2312496139
6e33f6a6,1015712.0454794213
6e33f6a8,1529232.403420925
6e33f6ae,1114993.0879582597
6e33f6b3,1034155.7322064694
6e33f6b6,924356.7607658929
6e33f6b9,1259235.7104695677
6e33f6bf,1457251.7874394783
6e33f6c3,1458078.7255579946
6e33f6c8,1556510.4093829961
6e33f6cb,1002639.3738615038
6e33f6cd,1490568.0779915834
6e33f6d0,1245202.898235106
6e33f6d3,1341802.4793308952
6e33f6d7,1101231.3596416954
6e33f6dd,1412054.6009190828
6e33f6e2,1420640.4758416545
6e33f6e6,1213660.6199141874
6e33f6e9,1416463.6323966556
6e33f6ef,1247419.3709906559
6e33f6f2,1286380.4862389136
6e33f6f7,1208703.7722529368
6e33f6fc,1075098.4106417315
6e33f701,1348713.1348351308
6e33f704,1152052.2641392746
6e33f709,1436957.2786113995
6e33f70d,1137959.2411205438
6e33f712,1321510.7357397692
6e33f714,1330070.9398546664
6e33f718,1248712.2666958754
6e33f71c,1543857.4516661665
6e33f71e,1364530.8158160904
6e33f724,1371135.613173225
6e33f729,1487203.6916209224
6e33f72b,1390756.3159348906
6e33f72e,1439762.4113202281
6e33f730,1458335.5804737848
6e33f735,1368941.7490551095
6e33f738,1280605.8296853823
6e33f73a,1375182.303567049
6e33f740,1373582.7614986454
6e33f743,1311025.3253037524
6e33f747,1210674.8038564292
6e33f74d,1068501.3847834365
6e33f750,1231141.4729075292
6e33f755,1270865.2627552378
6e33f758,1505849.757194498
6e33f75a,1308252.0496227918
6e33f75d,1370667.8923368256
6e33f761,1279952.5496079638
6e33f763,1534753.1701072985
6e33f767,1329593.8371845342
6e33f76c,1392117.2122591843
6e33f76f,1404691.455068528
6e33f771,1528260.4678474981
6e33f773,1101758.4904927998
6e33f775,1072932.3533632415
6e33f779,1393783.344437147
6e33f77b,1308780.062395617
6e33f781,1482172.8149953906
6e33f785,1316329.88608294
6e33f787,1352812.803071292
6e33f78b,1229646.8857992226
6e33f78e,1517123.40824156
6e33f790,1331373.4862451165
6e33f793,1574544.8382703399
6e33f797,1342953.403058421
6e33f79a,1123281.7929760427
6e33f79f,1364976.151971479
6e33f7a2,1382392.8074281574
6e33f7a6,1252332.7666119698
6e33f7a8,1591726.395600124
6e33f7ad,1446925.5294998088
6e33f7b0,1480554.0973357244
6e33f7b3,1272394.3775004577
6e33f7b5,1441533.4600220248
6e33f7b7,1219385.4478155086
6e33f7bc,1382429.6258850067
6e33f7c1,1210255.7265118842
6e33f7c5,1508856.7116288827
6e33f7c7,1318089.1185588161
6e33f7cc,1450762.4052211093
6e33f7d0,1232980.7946678486
6e33f7d2,1119618.2530180938
6e33f7d4,1438123.1320030724
6e33f7da,1198852.8032013825
6e33f7df,1617373.875370794
6e33f7e4,1158859.0301921412
6e33f7e9,1332531.5772707057
6e33f7ec,1005077.4200622252
6e33f7f0,1420950.5414388245
6e33f7f4,1314674.6800060924
6e33f7f8,976473.2542433256
6e33f7fa,1242225.3661637031
6e33f7fd,1304795.6246057623
6e33f802,1070147.3709095933
6e33f804,1544525.6251899563
6e33f808,1410927.6176612286
6e33f80d,1272140.7425373867
6e33f812,1503820.3622583435
6e33f814,1530761.356239435
6e33f816,1328943.0799172781
6e33f81a,1409847.7280142505
6e33f81e,1235663.7323094462
6e33f824,1361109.17439871
6e33f828,1188122.0061008912
6e33f82b,1377800.9495656004
6e33f82e,1525703.595073826
6e33f830,1452389.6564856179
6e33f835,1008190.4660620036
6e33f83b,1326402.998014251
6e33f840,1317894.4061749298
6e33f843,1043729.1677083684
6e33f848,1412288.23674431
6e33f84e,1296627.472217062
6e33f854,1307262.703889997
6e33f85a,1421258.9248661941
6e33f85d,1092498.3326882594
6e33f860,1525436.5697358279
6e33f864,1489146.632771223
6e33f868,1218198.8887182912
6e33f86d,1422580.9571919595
6e33f872,1373373.3425545064
6e33f875,1520213.8776870947
6e33f877,1446622.1379685414
6e33f87a,1128960.2817220697
6e33f87c,1429445.3100776647
6e33f87f,1427735.2907899616
6e33f885,1426254.4720904217
6e33f887,1068165.5663607614
6e33f88b,1292827.0799515191
6e33f88f,1492055.0198523626
6e33f891,1373780.6244565563
6e33f896,1312080.4791752698
6e33f899,1376434.5172543102
6e33f89b,1173086.6774446066
6e33f8a0,1255745.6124737107
6e33f8a5,1358061.5672408573
6e33f8a9,1037425.0237979984
6e33f8ac,1395969.0386756067
6e33f8b1,1448437.437751351
6e33f8b4,1277504.4042192155
6e33f8b7,1639912.7083537234
6e33f8bc,1204688.66962231
6e33f8c1,1273557.8240892827
6e33f8c3,1430700.7730313053
6e33f8c6,1525957.328868473
6e33f8cc,1644280.5492457822
6e33f8d2,1191732.3560034614
6e33f8d7,1463160.6629665673
6e33f8da,1379108.0024612504
6e33f8df,1350229.6834344927
6e33f8e2,1509703.0693332436
6e33f8e4,1366131.5329826626
6e33f8ea,1478981.0033960452
6e33f8f0,1405744.269766594
6e33f8f3,1406431.5098262683
6e33f8f7,1329139.1519627895
6e33f8f9,1394785.3196716472
6e33f8fb,1253025.0026292412
6e33f8fe,1308385.552689111
6e33f902,1153934.0655844917
6e33f906,1530436.3636654522
6e33f90c,1478092.6655507367
6e33f90e,1256251.1529394474
6e33f914,1281322.9141122433
6e33f918,1533260.7811964753
6e33f91d,1456583.4843377275
6e33f921,1149603.8108263363
6e33f923,1492463.4445513247
6e33f926,850718.6278103075
6e33f92c,1484300.148187852
6e33f930,1481366.1287119766
6e33f934,1401612.2769637366
6e33f936,1273483.7644712608
6e33f93a,1319831.2970745512
6e33f93e,1553791.3487358603
6e33f942,1383636.9433526855
6e33f945,1402324.8267524794
6e33f949,1319780.6218706004
6e33f94f,1525124.975294609
6e33f952,1243207.1873703024
6e33f957,1021821.1215083967
6e33f95d,1458059.2555317422
6e33f960,881457.0984224846
6e33f964,1244230.8552831768
6e33f96a,1252704.5488501752
6e33f970,1293026.9358020225
6e33f974,1451224.6547683761
6e33f979,1512899.3440532794
6e33f97d,1406389.919663925
6e33f983,1420304.5523025196
6e33f985,1443652.1129244533
6e33f98b,969187.3947041186
6e33f991,1503864.4801472842
6e33f997,1235625.054009628
6e33f99a,1513688.268573551
6e33f99f,1176735.7081509815
6e33f9a2,1602363.9448349804
6e33f9a7,1452498.8905079423
6e33f9a9,1284581.5196970694
6e33f9ae,1186109.095448178
6e33f9b1,1324873.2149241678
6e33f9b6,1442141.8034667482
6e33f9bc,1476133.6886180534
6e33f9bf,1420004.2831245284
6e33f9c1,1293963.2643746797
6e33f9c5,1108193.7944424434
6e33f9c9,1314995.1812151743
6e33f9ce,1304173.905245206
6e33f9d0,1502063.5820576951
6e33f9d5,1153818.3286898192
6e33f9d9,1275995.7980777062
6e33f9de,1395444.6608042
6e33f9e1,1233556.42717368
6e33f9e6,1492930.8436624187
6e33f9ea,1445396.9549971556
6e33f9ee,1316681.798853646
6e33f9f0,1278129.9131868186
6e33f9f2,1267856.4047333342
6e33f9f4,1416545.130580044
6e33f9f6,1304364.9203919393
6e33f9fb,1308654.5617344796
6e33f9fe,1300535.5180681627
6e33fa01,1400961.375662276
6e33fa06,1472780.093743587
6e33fa0c,1155414.2182428124
6e33fa11,1408495.5157876317
6e33fa16,1190263.6930767195
6e33fa18,1462331.7568049808
6e33fa1d,1473862.6133047102
6e33fa21,1277524.6688843067
6e33fa27,1361317.9942333817
6e33fa2a,1419177.9239401885
6e33fa2c,1057457.7326550703
6e33fa31,1184034.756380884
6e33fa33,1472391.9392970183
6e33fa37,1566828.3181348569
6e33fa39,1560691.0678977643
6e33fa3b,1152685.376958542
6e33fa41,1404885.6677151024
6e33fa44,1433702.5710480395
6e33fa47,1131289.4291256797
6e33fa4a,1275781.8634954756
6e33fa4c,1316338.332006901
6e33fa4f,1209025.1397467467
6e33fa53,1052658.2357064586
6e33fa58,1061207.6228751745
6e33fa5b,1031807.1542929739
6e33fa5f,1167505.3014329968
6e33fa62,1239252.5263707647
6e33fa67,1268581.912985084
6e33fa6b,1139981.36208421
6e33fa6f,1021327.9784371255
6e33fa72,1214923.454472985
6e33fa75,1402220.372816486
6e33fa78,1512056.7544143465
6e33fa7a,1318896.0170749894
6e33fa7f,1329605.6404336093
6e33fa82,1410614.7093666825
6e33fa87,1446075.4463511154
6e33fa8a,1434899.8112241784
6e33fa8d,1271288.3470495145
6e33fa93,1307252.4325745068
6e33fa97,1439928.2181490322
6e33fa9d,1488766.422714697
6e33fa9f,1460657.1295511469
6e33faa2,1434610.5930997154
6e33faa6,1473393.2175136823
6e33faaa,1084933.2005473955
6e33fab0,1450843.961640255
6e33fab4,1402400.5398975003
6e33fab9,1545784.6119079043
6e33fabb,1553387.5366143966
6e33fac0,1356826.969103533
6e33fac3,1028326.9141607252
6e33fac9,1205208.1867107695
6e33facb,1113812.926838146
6e33face,1425136.7588954584
6e33fad2,1410663.7749041053
6e33fad6,1393125.937260341
6e33fad8,1391426.3542333348
6e33fadc,1314405.466977933
6e33fae0,1318441.3320932186
6e33fae5,1245338.4015670393
6e33fae8,1514729.755938089
6e33faeb,1223049.1434936442
6e33faf1,1373813.0834975233
6e33faf6,901263.2729307318
6e33faf8,1293588.4731113184
6e33fafe,1116545.6411518957
6e33fb02,1300184.3763950428
6e33fb06,1318887.8760498278
6e33fb0c,710059.6224127576
6e33fb0e,1418447.239877739
6e33fb14,1275682.4983563968
6e33fb19,1417373.5711820435
6e33fb1c,1331246.5728247368
6e33fb20,1449523.9866386228
6e33fb24,1253182.1859693187
6e33fb28,1486319.8375645357
6e33fb2e,1204892.3504541893
6e33fb34,1195848.5629047924
6e33fb39,1133119.1279813778
6e33fb3c,1224747.1471753547
6e33fb40,1161942.0364501674
6e33fb46,1090439.5481561762
6e33fb4a,1421947.0892155676
6e33fb4c,1584810.9675744819
6e33fb4e,1123099.7579909377
6e33fb50,1441514.2975229858
6e33fb54,1297496.9682572428
6e33fb5a,1384788.4074831135
6e33fb5d,982004.3802375703
6e33fb5f,889341.1640793206
6e33fb62,1450679.683366507
6e33fb67,1401155.807369939
6e33fb6c,1424893.0023992069
6e33fb70,1436653.134227557
6e33fb73,1419302.7875376712
6e33fb77,1312261.9378348696
6e33fb7d,1271392.0484608763
6e33fb83,1111504.4438914426
6e33fb89,1215960.9117379924
6e33fb8d,1404578.7703381255
6e33fb93,1685021.8259538976
6e33fb95,1404710.2650261547
6e33fb97,1281791.1786683141
6e33fb9c,1435455.4299844152
6e33fba1,1486691.8523838157
6e33fba3,933963.2514926823
6e33fba6,1475366.1647979838
6e33fba8,1354567.6118438428
6e33fbae,1215327.6428508088
6e33fbb3,1431172.6658691014
6e33fbb7,1444676.5180217004
6e33fbba,1228374.3821492842
6e33fbbf,1423279.5033275618
6e33fbc3,1346803.0660631252
6e33fbc6,1402904.8850382979
6e33fbcb,1166998.5023489934
6e33fbcd,1417323.4199690889
6e33fbd0,1234183.354813019
6e33fbd4,1453142.4604947446
6e33fbd7,1414041.8848401648
6e33fbdb,1225047.6802143473
6e33fbdd,1003863.1706475397
6e33fbe3,993467.6092053648
6e33fbe8,888996.1520292552
6e33fbea,809738.1075029767
6e33fbee,1462968.7909999131
6e33fbf0,1224478.2961703166
6e33fbf3,1350368.2426329271
6e33fbf7,855375.8829177814
6e33fbf9,1505274.091775887
6e33fbfe,1271777.0502741681
6e33fc04,1482036.0930028458
6e33fc08,1435953.0701174533
6e33fc0d,1264426.8945832895
6e33fc10,1379224.201419433
6e33fc14,919208.3920929593
6e33fc18,1504255.5727117888
6e33fc1d,1279540.0313829063
6e33fc22,1079881.106063066
6e33fc27,1491694.7349859248
6e33fc2d,1181316.4953291938
6e33fc33,1448226.9432593721
6e33fc36,1377996.398559252
6e33fc3b,1520211.5257917028
6e33fc3f,1317780.0570672364
6e33fc41,1443262.8530720961
6e33fc46,1243925.0699618626
6e33fc4b,1287479.4002829993
6e33fc50,988907.5962762035
6e33fc52,1557164.7300506239
6e33fc57,1381437.89650494
6e33fc5d,888703.6771594858
6e33fc63,1562993.180371197
6e33fc65,1547809.8187221466
6e33fc6b,1392695.4779819683
6e33fc71,1291132.0154479197
6e33fc74,909697.8186491766
6e33fc76,1457369.367240668
6e33fc7b,1036674.5748567916
6e33fc81,1070458.6380741212
6e33fc86,1256592.9618229915
6e33fc88,1472559.1060981625
6e33fc8c,1333379.4108147442
6e33fc8e,1028844.2824895444
6e33fc92,1386421.2591151302
6e33fc96,1080308.5261911573
6e33fc9c,1349888.09277521
6e33fc9f,1510956.5823133509
6e33fca5,1482115.3415528801
6e33fcab,1217404.4989141107
6e33fcb0,1408094.8763069296
6e33fcb6,1177398.128975833
6e33fcb8,1561573.7985888277
6e33fcbc,1304020.3974839996
6e33fcc1,1334297.0676121581
6e33fcc5,1382548.1234928924
6e33fcc8,1465418.2524169923
6e33fccb,1425050.8341989624
6e33fccf,1416969.6321997517
6e33fcd3,1465222.064800611
6e33fcd9,1323214.1813195702
6e33fcdc,1266610.9909536398
6e33fce0,1232592.25312036
6e33fce3,1334672.22653423
6e33fce9,1349195.8865782807
6e33fcef,1523595.92891058
6e33fcf2,1062456.1700731134
6e33fcf5,1320123.5722215977
6e33fcf7,1143793.4516757398
6e33fcfd,1367904.5484476427
6e33fd03,1464725.1628497406
6e33fd09,1352348.519952383
6e33fd0d,1210190.6437536047
6e33fd0f,1099421.3565532805
6e33fd13,1161384.4014930045
6e33fd17,1274483.2086587464
6e33fd1b,867566.9996326496
6e33fd1e,1278623.7279589968
6e33fd20,1276129.7541571837
6e33fd23,1461631.9217870624
6e33fd27,1381255.5676445754
6e33fd2c,1253986.8570481238
6e33fd30,1180258.2719638997
6e33fd34,1505304.5020500964
6e33fd39,1296865.5271465532
6e33fd3b,1200075.2863720504
6e33fd3d,1087752.2197437612
6e33fd41,1361891.6915381562
6e33fd43,1247413.6615768299
6e33fd49,1138150.0772988377
6e33fd4c,1297731.29735115
6e33fd51,1455226.488769326
6e33fd57,925204.36855972
6e33fd59,1063696.5150072267
6e33fd5c,1227157.8912591098
6e33fd62,1425778.2140592544
6e33fd67,1402898.1407690053
6e33fd69,1472269.6387491429
6e33fd6c,1309817.007188045
6e33fd70,1253638.1316756925
6e33fd74,1143487.0409904837
6e33fd79,1397421.8552674819
6e33fd7b,1138450.7149185198
6e33fd7d,1364698.0346710207
6e33fd81,1171451.500762539
6e33fd85,1225827.20382102
6e33fd87,1434214.0878802412
6e33fd89,1048219.7093651667
6e33fd8e,1456425.2551072573
6e33fd90,1087373.5645926108
6e33fd94,1286945.419803717
6e33fd99,1149112.5330499248
6e33fd9c,1041108.9999040026
6e33fd9f,1427258.9667463577
6e33fda2,1280250.1149062733
6e33fda8,1286412.014582534
6e33fdac,1445104.4751485512
6e33fdb1,1255210.3138650476
6e33fdb7,1504584.315631427
6e33fdba,1351834.1269458933
6e33fdc0,1490449.5220034244
6e33fdc2,1401810.4364739382
6e33fdc6,1279865.0720069027
6e33fdcc,1302584.5038952038
6e33fdd2,1571328.193926124
6e33fdd4,1466130.6009439416
6e33fdda,1389727.1559481707
6e33fddc,1577900.1537635461
6e33fddf,1318424.5208369743
6e33fde1,1294436.3996669347
6e33fde7,1358329.695393925
6e33fdeb,1430946.5528973683
6e33fdf1,1138381.0778359044
6e33fdf3,1408451.407413315
6e33fdf5,1144409.8844036784
6e33fdf7,1489545.995286875
6e33fdfa,1282354.9294321204
6e33fdfc,1325144.5394779637
6e33fdff,1305923.924324745
6e33fe04,1352358.4434920226
6e33fe07,1139286.0955511832
6e33fe0a,1321842.5933741475
6e33fe10,1117787.875374705
6e33fe14,1444670.9284547304
6e33fe1a,1475302.3365684731
6e33fe1d,1243058.864672063
6e33fe1f,1073107.4708536956
6e33fe21,1423807.1606045372
6e33fe27,1427813.8045861581
6e33fe2d,1284302.7659526765
6e33fe2f,1427140.9659075104
6e33fe32,1189170.3803762312
6e33fe36,1371540.5027145096
6e33fe38,1426499.5442603307
6e33fe3c,1427278.0248576337
6e33fe42,1309590.978057997
6e33fe46,1503059.9703826206
6e33fe49,1376376.5952222364
6e33fe4f,1347336.7494020858
6e33fe51,1355761.9403953678
6e33fe53,1410129.3457038898
6e33fe55,1287995.1489361166
6e33fe59,1205947.6787223448
6e33fe5f,1291004.8625116812
6e33fe65,1324947.7280762824
6e33fe6a,858090.2251496603
6e33fe6e,1443750.6947602048
6e33fe70,1429528.0741397005
6e33fe76,1337343.1935472216
6e33fe78,1125729.401010413
6e33fe7e,1000811.1749649831
6e33fe80,1278032.61754296
6e33fe84,1208566.2698357964
6e33fe86,1190969.4813161844
6e33fe88,1040992.4041791289
6e33fe8c,1097181.4449803533
6e33fe8f,1274174.0546297499
6e33fe91,1396579.5391095649
6e33fe97,1456415.439310573
6e33fe9a,1482245.9105727957
6e33fe9d,1424349.6137928786
6e33fea2,1326315.6491285372
6e33fea6,1202048.17096546
6e33feab,1451722.3087061257
6e33feae,1377486.7273989525
6e33feb0,1487292.7446978996
6e33feb3,1373596.3323544273
6e33feb7,1179636.6922193854
6e33feb9,1307139.812618608
6e33febd,1424002.4860169704
6e33fec3,1408432.9303797053
6e33fec8,1291358.3466697973
6e33fece,1353174.703471893
6e33fed3,1412489.7860947936
6e33fed9,1167373.0777878677
6e33fede,1279857.0237382266
6e33fee2,1473739.3307344494
6e33fee6,1341268.176053872
6e33feec,1469529.3984661293
6e33feee,1042375.9484874419
6e33fef1,1275953.6366569023
6e33fef3,1329594.325419439
6e33fef7,1567586.8841654437
6e33fefa,1048919.7722111489
6e33feff,1283132.9403244383
6e33ff04,1305356.0071852978
6e33ff08,1361976.0425372769
6e33ff0b,1362172.81945711
6e33ff0d,1125542.7359851312
6e33ff10,1471147.629668839
6e33ff14,1633089.772841344
6e33ff18,1346603.9791640902
6e33ff1d,1451906.7007753144
6e33ff1f,1025537.5751204707
6e33ff23,1308091.1867991283
6e33ff26,1259290.8549026258
6e33ff28,1380690.6034956547
6e33ff2d,1337609.4843905892
6e33ff32,1525697.5522448155
6e33ff36,1381609.804453438
6e33ff39,1122979.8744279963
6e33ff3f,1356838.5199913445
6e33ff45,1437821.437391589
6e33ff47,1301063.366603266
6e33ff49,1008299.6420767682
6e33ff4e,1302863.9019086775
6e33ff53,966813.3015488703
6e33ff55,1431078.5770873714
6e33ff5a,1125086.315864888
6e33ff5c,1423474.7796221888
6e33ff5f,1336112.2059676005
6e33ff63,1340940.770916458
6e33ff67,1130052.2487420284
6e33ff6c,1473896.303702499
6e33ff6e,1443572.918903299
6e33ff70,1257872.6140009235
6e33ff76,990206.8073631221
6e33ff7c,1408084.1710826159
6e33ff7f,1371577.6137729017
6e33ff84,1066882.308517361
6e33ff88,1224750.5693030886
6e33ff8a,1294500.6739975421
6e33ff8f,862340.398712276
6e33ff91,1501220.8465763503
6e33ff94,1113096.1436148584
6e33ff97,1420165.4769397203
6e33ff99,1497088.1655996796
6e33ff9e,1409480.5478994732
6e33ffa0,1458984.3710902021
6e33ffa2,1375683.387640866
6e33ffa5,1423865.2936609853
6e33ffa9,1488559.7381408047
6e33ffac,1247732.4710069448
6e33ffb2,1394145.7217336847
6e33ffb8,1179867.5364949477
6e33ffba,1461765.2219797175
6e33ffbf,1462749.1872597681
6e33ffc3,1483609.586678779
6e33ffc5,1494400.3793411332
6e33ffc9,1331838.0097382348
6e33ffce,1134727.6948493025
6e33ffd0,1310170.4266991888
6e33ffd6,1078925.7063124296
6e33ffdb,1351945.226609391
6e33ffdd,1381390.2279354515
6e33ffe3,1229358.964190546
6e33ffe9,1231983.577373063
6e33ffec,950545.3015992126
6e33fff2,1486306.8840410588
6e33fff6,1274192.439000658
6e33fff8,1615014.0211330068
6e33fffc,1211133.841512692
6e340000,975681.8751837937
6e340005,1402957.5483168007
6e340007,1479742.4680310911
6e34000c,1432343.273743349
6e340012,1534725.623337874
6e340018,891351.0343399504
6e34001e,1144744.379727726
6e340020,1337115.5268761192
6e340026,1286297.5310598663
6e340028,1310810.3346368535
6e34002d,1450187.3058087057
6e340031,1234433.0589640867
6e340034,1466670.388179953
6e340039,1308775.3724333302
6e34003f,1354396.934036179
6e340043,1495205.6755067082
6e340046,1129149.067282916
6e34004c,1106399.3567384675
6e340052,1166922.9831554939
6e340057,1351743.649783735
6e34005c,1306813.862284347
6e340061,1417292.1372878775
6e340064,1352012.1681025825
6e34006a,1320724.9523465333
6e34006f,1398944.0085881543
6e340071,1465902.3484090888
6e340075,1249249.6203425042
6e340077,1237529.9919058064
6e34007d,1385690.7152998538
6e340082,1253802.3906433254
6e340087,1575536.2637602366
6e34008b,1166730.7436286923
6e34008f,1099247.0893979094
6e340093,1269846.735500421
6e340096,1325039.7715160588
6e340098,1194230.762999945
6e34009e,1322464.7585496253
6e3400a0,1298233.612852786
6e3400a3,1410395.0799134308
6e3400a5,1237495.0983462818
6e3400a8,1414798.5927455625
6e3400ae,1279169.899493511
6e3400b2,1243193.2356985419
6e3400b4,1455421.973434226
6e3400b8,1409741.564457307
6e3400bc,1394564.2940480483
6e3400c2,1297285.6894978464
6e3400c6,1495970.2102118237
6e3400cb,1093857.6865079661
6e3400cd,1181357.0202196816
6e3400d3,1318739.5108826752
6e3400d8,1281681.1190888295
6e3400dd,1329914.1945374443
6e3400e0,1146483.9154413496
6e3400e6,874785.9908088248
6e3400ea,1476711.0390876003
6e3400ee,940474.9506100276
6e3400f3,1382920.3765079589
6e3400f6,1258742.8267320388
6e3400fb,1133232.0187185626
6e340101,957017.4476614629
6e340103,1378670.0078495927
6e340107,1327556.934877758
6e340109,1335421.7491511628
6e34010b,1258284.11648933
6e34010d,1419810.9942113778
6e340110,1424023.4883645298
6e340116,1250878.5119709119
6e340118,1195429.3777897458
6e34011b,1329625.9681292786
6e34011e,1475678.7510627864
6e340124,1316804.2275448006
6e34012a,1421068.8179927762
6e34012d,1201556.8573273032
6e340132,1437430.432999511
6e340134,1245120.3342608535
6e34013a,1361057.322207498
6e340140,1315229.0570987547
6e340146,1051017.1386807305
6e34014c,1416891.8421809834
6e34014f,1290498.5055653953
6e340152,1468217.5603536135
6e340155,1445003.9130821463
6e340158,1319359.6479348077
6e34015e,1350926.5014079856
6e340163,1468023.8669108632
6e340169,1168564.3897809216
6e34016d,1326212.2218878428
6e340172,1460071.2509792165
6e340177,1453544.8242375427
6e34017c,1549745.5841056914
6e340182,1422896.2001363086
6e340186,1232124.0978884203
6e34018c,990607.7951099252
6e340191,1558258.7954527126
6e340195,1507671.4217784647
6e340199,1208052.4219329867
6e34019e,971732.5780495841
6e3401a2,1412273.2038815955
6e3401a8,1232091.5596045617
6e3401aa,1520552.7819751054
6e3401b0,1425783.3552491122
6e3401b5,1189900.6022294508
6e3401b7,1497170.8543146322
6e3401bb,1166204.06161862
6e3401bf,1331976.6822474198
6e3401c4,1231809.7582979195
6e3401c9,1395166.633106398
6e3401cf,1221101.3144155636
6e3401d5,1490725.583300355
6e3401db,1100798.8265695008
6e3401df,1282590.767065784
6e3401e3,1243372.6924176104
6e3401e7,1398341.4027897662
6e3401e9,1577795.083951705
6e3401ee,1353218.936887428
6e3401f4,1100283.8020514138
6e3401f9,1405648.8130607302
6e3401fd,1209368.4877630312
6e340202,1315168.5864621294
6e340206,1305319.041114092
6e340208,1465098.8557587254
6e34020b,1316910.5378582014
6e340211,1428351.9415034198
6e340214,1333241.2829595115
6e340218,1353850.2594145034
6e34021b,993179.4948813233
6e340221,1496060.0776618186
6e340225,977017.974457718
6e340228,1390788.6993504227
6e34022d,1566596.0988475794
6e34022f,1295315.126223701
6e340235,1264339.3086504685
6e34023a,1475352.5574683682
6e340240,1556092.2487904138
6e340244,853079.2024159824
6e340246,1381569.9853177434
6e340249,1448655.016054859
6e34024d,1303933.3599079535
6e34024f,1058586.8137214459
6e340255,1342688.378951688
6e340257,1224449.8783309464
6e34025a,1366975.4197486844
6e34025e,1472473.6270641366
6e340263,1372508.6008930663
6e340265,1472470.2594209933
6e340269,1522662.668789872
6e34026f,1416626.0124058886
6e340274,1235165.856995055
6e340279,1572998.6424031989
6e34027b,1291677.3101843395
6e34027f,1350429.4530239152
6e340282,1167504.7129079967
6e340285,1253019.1419556409
6e34028b,1122911.0631581484
6e340290,1326404.5860290083
6e340292,1219538.8922936367
6e340297,1351826.0816149418
6e34029a,1392286.2257214838
6e34029c,1448677.319293358
6e3402a0,1367059.3970169993
6e3402a5,1527288.5489282967
6e3402aa,1226517.8601042454
6e3402ad,1210083.437444429
6e3402b2,1378594.08475732
6e3402b4,1302517.6385492662
6e3402b7,1014333.7538177043
6e3402bc,1222995.4068540905
6e3402c0,1354483.662853705
6e3402c3,1411705.831027781
6e3402c5,1277281.6384854605
6e3402c7,1432520.97826868
6e3402ca,1238859.527505315
6e3402d0,1392711.4528174307
6e3402d6,1208999.698223453
6e3402da,1291441.4402970695
6e3402e0,1069013.5333045404
6e3402e6,1300042.8237789816
6e3402ea,1097709.3030902229
6e3402ee,1462577.7439980465
6e3402f4,1477389.481441924
6e3402f8,1158191.7396334065
6e3402fa,1299814.0774221742
6e3402fc,1220307.4793321632
6e3402ff,1189915.9441780152
6e340302,1293369.8230878673
6e340308,1523171.701531439
6e34030c,1055035.425175305
6e340311,1419576.9831570424
6e340317,944769.3366620555
6e34031a,1454385.413424671
6e34031c,1467167.116959492
6e340320,1403306.7597926692
6e340325,1440069.910359125
6e34032a,1399485.4183772567
6e34032c,1513666.8654139608
6e340331,1204178.108523907
6e340333,1433565.5553944749
6e340337,1231363.157027731
6e34033b,1361184.0959388085
6e34033f,1429326.302297754
6e340342,1384511.6223320435
6e340344,1258398.8721836356
6e340349,1421402.946373915
6e34034b,1582011.333273299
6e34034d,1277862.6972809478
6e340352,1501902.5836851238
6e340356,1290826.564488663
6e34035b,1367245.9571273595
6e340361,1032782.5160430977
6e340366,1461232.288280626
6e34036c,1204946.0234195471
6e34036e,1360011.7976920456
6e340370,1175643.7936420313
6e340373,1296092.6491750136
6e340379,1066140.461095535
6e34037e,1389130.4398328075
6e340380,1464616.205257542
6e340385,1615635.1047419193
6e34038a,1304283.3967914442
6e340390,1363161.397381647
6e340396,1561014.4335403214
6e34039c,1321793.3197932502
6e34039f,1232474.2295990237
6e3403a4,1526921.048484592
6e3403a8,1291224.1662775618
6e3403ae,1483544.7839668528
6e3403b3,1371891.6464270893
6e3403b6,1045245.6184971203
6e3403bb,1302729.7040869852
6e3403bf,1310657.8365961316
6e3403c2,1036596.9126061522
6e3403c4,1414650.7305088292
6e3403ca,1402353.1501837147
6e3403cd,1376294.7968138675
6e3403d0,1333361.9082308428
6e3403d5,1338241.7693450174
6e3403d9,1424392.0430705908
6e3403df,1428766.7148312342
6e3403e3,1051091.4204018484
6e3403e7,1310230.858824135
6e3403ea,1485216.978397781
6e3403ef,1508963.4934271239
6e3403f3,1061706.2391784173
6e3403f8,1260102.0498411758
6e3403fb,1519632.6969821446
6e340401,1159119.362113951
6e340406,1426623.6600973324
6e340408,1348353.7822709433
6e34040e,1431853.707933964
6e340413,1383955.0992765678
6e340415,1128905.9092984535
6e340418,1398866.5863067629
6e34041d,1142786.047053664
6e34041f,1044498.2556005543
6e340422,1057948.40515556
6e340427,1332892.5508547262
6e34042b,1260491.0239344595
6e34042e,1336366.1513327823
6e340433,1320872.3632712075
6e340437,1241371.3759744684
6e340439,962740.3642244042
6e34043e,1458058.5465835212
6e340441,1480894.6816913255
6e340443,1429586.6186915704
6e340447,1259181.0798912896
6e34044d,1369318.5080884213
6e340450,1436689.9899333278
6e340456,1378235.6982336782
6e340459,1000991.8864006146
6e34045e,1278416.6616638014
6e340461,1386294.205856109
6e340464,1367752.6611516504
6e340468,1351455.1154142416
6e34046c,1289603.2107857717
6e340470,1107669.6312935734
6e340474,1244585.2939606253
6e340479,1428825.229278566
6e34047f,1442135.7349802123
6e340485,1387245.669871906
6e340488,1414177.233624454
6e34048a,1549713.2022168972
6e34048e,1572565.3162432353
6e340492,1585219.996655469
6e340495,1483387.4627690604
6e340497,1105201.9780233582
6e34049a,1398474.8408543363
6e3404a0,1521443.2410641783
6e3404a3,992014.8956307087
6e3404a6,1323247.680963894
6e3404a9,1250931.4320743878
6e3404af,1356825.1797860018
6e3404b3,1091957.318308229
6e3404b5,1322130.1267471516
6e3404b9,1416905.5457204455
6e3404bf,1345596.9977315394
6e3404c1,1305460.5274921749
6e3404c5,1380893.4558444724
6e3404c8,1345502.4072542465
6e3404cb,1293148.7916071853
6e3404cf,1357541.475239421
6e3404d2,1552566.395214614
6e3404d7,1254120.730316687
6e3404d9,1137780.6458886976
6e3404dd,1303423.2859273856
6e3404e3,1449428.3381520708
6e3404e6,1283885.919065826
6e3404e9,1243375.4605259714
6e3404eb,1318829.5202428028
6e3404ed,1340518.246210869
6e3404ef,878466.4616847038
6e3404f5,1318800.1627316717
6e3404f9,1282158.1408333452
6e3404fe,1445720.8444620457
6e340503,1504831.2086506342
6e340505,1144131.396426819
6e340508,1239206.688249885
6e34050a,1380599.1461060965
6e34050c,1280615.6428976958
6e34050f,1420720.288268373
6e340513,1473146.471194497
6e340515,1413697.5882907566
6e34051b,1273688.7610821761
6e34051e,1376274.6198826171
6e340523,1174845.9917796329
6e340528,1182100.3500191215
6e34052d,1095611.3800170715
6e340532,1384411.3565194085
6e340537,1404083.5216530145
6e34053d,1173200.8894998124
6e340543,1267469.859734448
6e340547,1250328.2523135485
6e34054c,1300144.4921580795
6e340551,1254379.9257178514
6e340554,1325213.7616199346
6e340559,1369270.2750088067
6e34055d,1260207.558626719
6e340560,1256625.3460795723
6e340565,1304933.5729050497
6e34056b,1224352.336542448
6e340570,1432662.7430229138
6e340572,1543956.3937116526
6e340574,1354579.6107509823
6e340578,1290952.4834090003
6e34057e,1439943.59877266
6e340580,1281862.87870395
6e340584,1404382.7712323854
6e340588,1175220.7237055956
6e34058c,1272118.9088847488
6e340590,1061990.8647928666
6e340596,1465115.3892548142
6e340598,1271473.240431111
6e34059d,1451447.4160195712
6e3405a3,1250284.5393185625
6e3405a7,1260611.452132908
6e3405ad,1460761.0700428972
6e3405b3,1499768.3459731408
6e3405b7,1257262.8720749067
6e3405bb,1431869.5368064514
6e3405c0,1374508.352888681
6e3405c2,1288084.9156213563
6e3405c4,1260729.9072139072
6e3405c7,1545384.380190986
6e3405cc,1302882.89252405
6e3405cf,1285994.2321509065
6e3405d3,1252640.7791155316
6e3405d8,1242474.1625639182
6e3405db,961091.8083685932
6e3405de,1137370.9869555505
6e3405e4,1156899.890035637
6e3405e9,1177280.5135175958
6e3405ec,1263866.9909152717
6e3405ef,1375584.1906446046
6e3405f2,1339123.9283360837
6e3405f7,1225312.108477605
6e3405f9,1150533.2158163534
6e3405ff,1310909.099706934
6e340604,1513917.6450398648
6e34060a,1477368.7436142617
6e34060e,1322516.3166471496
6e340614,1307122.8745745714
6e340619,1277094.7274602319
6e34061f,1352482.678198048
6e340624,1453062.9362978758
6e34062a,1464838.0388015548
6e34062e,1558078.3740461848
6e340630,1348074.157279265
6e340636,876641.2952825835
6e340639,1463224.857998584
6e34063f,1311164.331026864
6e340643,1481543.2906746818
6e340648,1112135.8918831316
6e34064d,836990.7665658253
6e340651,1334717.8893195647
6e340654,1433612.4872076358
6e340657,1260848.2297574305
6e34065c,1345246.425465499
6e340660,1368726.5145597185
6e340664,1332836.2792426688
6e340669,1366210.9279891774
6e34066e,1501553.2571275316
6e340672,1398553.212882409
6e340674,928113.181551823
6e34067a,1517256.181832473
6e340680,1130961.1695931864
6e340684,1058086.7601408414
6e340688,1339630.5777885455
6e34068a,1364752.8289344406
6e34068e,1395390.460882188
6e340692,1306648.6191327698
6e340694,1301119.1692346735
6e340697,1519061.6088389107
6e34069d,1349072.1225079403
6e3406a1,1498547.971283548
6e3406a5,1135399.9198997808
6e3406a9,1459135.6081294594
6e3406ab,1394333.7860616185
6e3406b0,1415166.4664071912
